purchase_freq,avg_order_value,browsing_time,cart_abandonment,email_open_rate,loyalty_points,support_tickets,social_engagement,segment
3.6,42.57,16.6,0.51,0.37,41,1.9,3.1,Occasional
2.2,47.65,14.6,0.11,0.491,47,2.3,3.0,Occasional
25.8,161.33,45.7,0.242,0.954,436,0.4,9.0,High-Value
13.5,85.16,35.2,0.266,0.955,247,0.7,4.9,Loyal
23.9,155.1,42.8,0.359,0.791,505,0.6,6.9,High-Value
2.1,44.93,14.5,0.712,0.268,45,3.1,1.2,Occasional
25.6,156.43,51.2,0.045,1.0,444,0.7,9.3,High-Value
3.3,48.95,15.8,0.018,0.495,59,1.0,1.4,Occasional
16.2,80.87,30.1,0.282,0.977,318,1.8,9.8,Loyal
3.8,49.81,11.6,0.876,0.191,56,4.3,0.9,Occasional
14.2,63.55,34.1,0.113,0.838,311,0.0,3.5,Loyal
24.6,149.02,44.3,0.178,1.0,457,0.9,10.2,High-Value
22.2,121.18,38.2,0.0,1.0,570,0.2,9.2,High-Value
3.7,45.91,15.8,1.0,0.032,41,1.8,0.0,Occasional
29.2,144.37,50.4,0.487,0.404,600,0.6,8.7,High-Value
25.5,138.84,43.2,0.27,0.916,502,0.7,10.1,High-Value
13.4,75.02,26.3,0.135,0.86,315,1.3,6.5,Loyal
16.8,73.51,37.4,0.191,0.617,304,1.2,5.7,Loyal
17.3,86.39,38.3,0.114,0.687,306,1.0,6.2,Loyal
15.6,75.56,37.9,0.538,0.552,266,0.7,5.9,Loyal
15.5,70.88,36.3,0.462,0.59,282,1.8,5.2,Loyal
15.6,77.06,37.7,0.024,0.928,338,1.6,8.4,Loyal
14.4,65.05,35.3,0.116,0.854,307,0.9,7.1,Loyal
26.0,155.1,45.8,0.211,0.702,523,0.9,9.5,High-Value
26.2,170.75,47.9,0.051,0.665,568,0.1,5.7,High-Value
22.6,154.22,35.6,0.136,0.936,522,0.8,8.3,High-Value
17.3,94.31,40.2,0.174,0.896,309,2.3,8.5,Loyal
16.2,62.43,36.2,0.312,0.865,334,1.2,5.8,Loyal
26.5,153.68,48.7,0.073,0.934,479,0.2,10.5,High-Value
10.8,68.14,31.0,0.333,0.758,217,1.5,6.1,Loyal
15.3,82.79,34.5,0.228,0.607,314,0.8,6.9,Loyal
2.5,42.49,12.8,0.785,0.26,47,5.4,2.7,Occasional
18.0,81.34,40.7,0.0,0.952,331,0.0,5.4,Loyal
16.6,75.54,39.7,0.198,0.68,325,1.1,7.2,Loyal
15.9,66.56,34.9,0.271,0.701,365,1.1,5.9,Loyal
14.3,63.78,32.6,0.476,0.493,270,1.2,7.1,Loyal
14.8,69.09,38.7,0.162,0.84,275,1.4,7.0,Loyal
22.8,108.65,37.4,0.495,0.545,489,0.5,8.2,High-Value
24.5,150.49,44.1,0.0,1.0,457,1.0,11.0,High-Value
17.1,78.21,36.9,0.337,0.842,291,1.3,8.0,Loyal
2.5,44.28,16.0,0.265,0.431,53,2.7,3.2,Occasional
26.3,144.56,47.7,0.044,0.786,542,1.0,7.5,High-Value
1.6,38.43,12.8,0.43,0.327,47,3.2,1.8,Occasional
24.5,178.65,39.6,0.273,0.838,482,1.1,10.3,High-Value
2.9,47.86,14.5,0.736,0.372,51,3.4,2.0,Occasional
23.1,145.58,37.6,0.154,0.706,518,0.0,6.2,High-Value
25.3,147.79,44.8,0.033,1.0,421,0.0,8.6,High-Value
23.5,137.39,42.1,0.181,0.719,513,1.2,8.4,High-Value
27.1,147.12,51.7,0.0,1.0,524,1.1,12.0,High-Value
24.9,154.38,43.0,0.258,0.477,468,0.3,8.2,High-Value
15.5,70.85,34.5,0.498,0.338,348,1.7,4.2,Loyal
2.5,37.79,13.7,0.412,0.118,53,2.9,0.3,Occasional
17.7,78.23,41.4,0.22,0.841,318,1.5,7.3,Loyal
25.9,164.91,45.5,0.121,0.752,471,0.2,8.4,High-Value
2.2,39.31,16.3,1.0,0.292,34,1.8,2.1,Occasional
24.3,137.97,44.2,0.183,0.938,556,0.9,7.6,High-Value
2.9,43.16,14.4,0.982,0.161,39,2.9,1.2,Occasional
3.1,43.28,15.5,0.444,0.509,72,2.6,1.6,Occasional
2.7,40.76,14.7,0.671,0.235,54,2.0,1.2,Occasional
19.1,106.55,42.2,0.246,0.533,342,1.0,6.2,Loyal
26.1,180.69,46.5,0.073,0.721,537,0.0,7.6,High-Value
26.2,155.5,48.2,0.182,1.0,519,1.4,10.8,High-Value
24.8,148.21,49.2,0.035,0.92,480,0.1,8.3,High-Value
23.3,137.89,45.9,0.096,0.876,465,0.1,6.3,High-Value
27.3,173.33,58.8,0.283,0.745,450,0.6,7.9,High-Value
4.3,52.61,13.7,0.548,0.216,51,0.5,0.0,Occasional
22.7,139.74,40.8,0.0,1.0,495,0.4,10.5,High-Value
16.4,89.78,36.3,0.215,0.878,313,1.3,6.3,Loyal
14.1,79.29,32.4,0.08,0.882,290,2.2,7.8,Loyal
13.8,65.79,34.2,0.138,0.916,245,2.0,8.0,Loyal
14.6,68.02,32.9,0.514,0.503,286,2.2,5.4,Loyal
25.7,158.33,47.8,0.123,0.7,517,0.0,4.8,High-Value
2.3,45.85,13.5,0.034,0.359,48,0.7,1.1,Occasional
23.9,137.93,36.9,0.476,0.398,515,0.7,7.5,High-Value
25.1,151.98,49.0,0.099,0.642,419,0.0,8.8,High-Value
15.3,80.26,35.6,0.578,0.42,295,0.7,3.2,Loyal
25.8,150.04,49.0,0.219,0.733,507,0.2,7.7,High-Value
25.5,173.01,47.7,0.154,0.82,524,0.2,7.2,High-Value
4.5,55.11,19.0,0.274,0.193,52,3.4,1.9,Occasional
4.1,49.77,21.8,0.353,0.306,59,1.1,1.2,Occasional
2.5,39.18,11.7,0.56,0.265,41,1.9,0.7,Occasional
24.4,150.17,41.0,0.246,0.517,547,0.0,7.5,High-Value
4.0,42.67,18.7,0.328,0.341,53,4.9,3.5,Occasional
26.7,147.63,51.3,0.075,0.838,490,0.0,7.6,High-Value
16.7,80.51,38.2,0.0,1.0,318,1.5,8.9,Loyal
2.0,43.4,13.4,0.621,0.233,39,1.1,0.0,Occasional
3.6,48.28,21.1,0.885,0.264,49,2.6,1.5,Occasional
22.4,137.69,45.1,0.147,0.942,400,1.0,7.7,High-Value
1.0,35.31,11.0,0.526,0.364,36,0.7,2.8,Occasional
13.0,66.42,31.4,0.544,0.34,251,0.3,2.7,Loyal
14.7,72.81,36.0,0.223,0.798,302,0.3,3.9,Loyal
14.3,72.03,32.4,0.224,0.742,262,0.0,4.1,Loyal
22.0,125.93,35.5,0.299,0.519,533,0.5,5.8,High-Value
15.0,61.4,37.6,0.178,1.0,289,1.9,7.1,Loyal
3.1,46.25,14.8,1.0,0.254,49,3.3,2.3,Occasional
15.1,74.14,34.4,0.232,0.879,302,2.3,7.3,Loyal
17.9,88.69,45.0,0.217,0.758,339,1.8,7.5,Loyal
2.1,45.05,11.6,0.601,0.262,41,2.4,2.3,Occasional
25.1,146.65,44.2,0.153,0.981,475,0.4,9.5,High-Value
23.6,173.16,39.9,0.286,0.825,498,0.2,6.4,High-Value
17.0,85.0,35.4,0.361,0.725,308,1.3,7.4,Loyal
23.6,121.93,38.7,0.358,0.808,447,1.0,9.6,High-Value
14.9,71.47,32.0,0.0,1.0,374,1.2,9.1,Loyal
21.8,138.35,35.8,0.103,0.906,513,0.7,5.4,High-Value
4.3,53.28,14.6,0.395,0.396,62,2.8,0.9,Occasional
14.8,66.38,33.9,0.516,0.699,263,2.2,6.7,Loyal
2.7,40.6,13.6,0.77,0.249,46,2.0,1.0,Occasional
2.7,48.82,13.9,0.839,0.3,51,2.5,1.3,Occasional
2.7,42.52,11.0,0.566,0.311,48,2.2,1.8,Occasional
2.5,40.66,14.5,0.898,0.383,48,2.8,2.4,Occasional
16.7,77.99,43.0,0.0,1.0,355,0.5,7.7,Loyal
2.5,47.36,13.1,1.0,0.123,36,3.6,0.7,Occasional
24.0,179.3,46.1,0.021,1.0,485,0.4,7.2,High-Value
3.9,51.5,15.2,0.654,0.154,45,1.2,0.6,Occasional
12.6,63.68,27.5,0.708,0.497,311,2.0,5.2,Loyal
1.6,39.36,14.3,1.0,0.122,31,2.1,0.0,Occasional
25.2,166.8,50.3,0.0,1.0,544,0.0,6.9,High-Value
25.8,176.62,47.3,0.0,1.0,489,0.4,10.6,High-Value
15.8,58.48,31.6,0.025,0.929,327,1.4,7.9,Loyal
27.2,157.4,50.1,0.0,1.0,473,0.6,14.5,High-Value
14.1,70.83,32.9,0.018,1.0,302,1.7,9.3,Loyal
3.8,50.1,16.3,0.859,0.164,49,2.6,1.7,Occasional
4.8,51.14,19.0,0.0,0.43,81,2.1,3.0,Occasional
3.4,44.39,12.6,0.898,0.156,45,1.8,1.5,Occasional
14.3,61.41,30.4,0.521,0.401,268,0.4,4.5,Loyal
3.2,44.82,14.4,0.709,0.422,55,2.3,1.8,Occasional
25.1,152.08,43.6,0.087,0.633,537,0.0,5.7,High-Value
23.2,133.35,42.6,0.43,0.674,415,0.8,7.5,High-Value
15.2,69.65,34.0,0.0,1.0,306,1.2,8.5,Loyal
16.4,88.68,37.6,0.335,0.68,283,0.7,7.7,Loyal
24.2,166.96,44.1,0.173,0.734,396,0.6,9.3,High-Value
2.6,44.42,17.3,0.843,0.242,37,2.9,1.9,Occasional
24.9,128.32,46.4,0.001,0.791,458,0.5,8.2,High-Value
22.6,176.58,41.9,0.248,0.551,432,0.4,5.9,High-Value
4.1,52.35,14.8,0.248,0.254,63,2.5,1.5,Occasional
13.0,69.06,32.1,0.006,1.0,259,1.7,9.2,Loyal
14.9,70.39,34.4,0.086,1.0,273,0.9,6.0,Loyal
16.5,65.82,37.8,0.302,0.754,321,0.4,5.6,Loyal
13.6,78.34,31.8,0.469,0.493,279,1.6,6.4,Loyal
3.8,43.49,14.8,0.672,0.295,57,2.1,2.2,Occasional
2.8,41.04,11.3,0.313,0.407,54,2.0,1.8,Occasional
14.4,80.12,30.2,0.323,0.679,322,0.7,4.5,Loyal
17.9,88.55,41.3,0.0,1.0,387,2.2,10.2,Loyal
15.7,80.09,42.7,0.0,1.0,297,0.9,8.3,Loyal
13.8,76.31,35.2,0.302,0.548,267,0.6,4.2,Loyal
16.0,64.8,33.3,0.183,0.928,327,1.5,7.3,Loyal
14.4,59.34,34.6,0.52,0.693,284,1.4,5.4,Loyal
16.2,89.05,39.3,0.216,0.83,284,0.5,7.0,Loyal
16.1,63.15,36.3,0.275,1.0,302,2.4,11.4,Loyal
17.3,88.46,39.2,0.487,0.488,303,1.2,5.5,Loyal
3.7,45.38,13.9,0.692,0.299,53,2.3,1.1,Occasional
24.9,152.3,45.5,0.386,0.614,472,1.3,7.7,High-Value
16.6,92.65,38.5,0.079,0.897,316,0.4,6.7,Loyal
24.9,170.42,38.8,0.065,1.0,518,0.0,8.7,High-Value
2.6,44.59,15.7,0.764,0.218,28,2.5,1.8,Occasional
15.6,86.47,38.6,0.268,0.723,293,1.2,6.2,Loyal
22.9,165.38,39.5,0.136,0.725,478,0.5,6.6,High-Value
26.7,137.7,50.4,0.147,1.0,501,1.7,13.4,High-Value
3.1,46.21,16.2,0.142,0.368,60,2.6,1.5,Occasional
27.8,166.74,50.8,0.0,0.986,538,1.1,10.8,High-Value
3.8,44.48,16.8,0.789,0.183,39,3.9,2.5,Occasional
2.9,47.64,15.7,0.89,0.217,41,2.5,1.9,Occasional
4.1,44.71,14.6,0.385,0.185,51,1.8,0.4,Occasional
26.1,150.67,43.3,0.476,0.487,556,0.4,6.2,High-Value
22.8,133.0,41.8,0.301,0.53,480,0.0,4.9,High-Value
14.6,60.28,32.4,0.527,0.69,272,1.5,5.7,Loyal
23.8,118.03,39.4,0.201,1.0,535,0.1,9.1,High-Value
1.8,39.48,15.8,1.0,0.239,23,3.4,2.4,Occasional
16.8,77.03,41.0,0.062,0.847,297,1.2,8.0,Loyal
25.6,133.24,48.7,0.408,0.438,412,0.0,6.5,High-Value
15.5,78.58,34.8,0.197,0.802,334,1.3,7.6,Loyal
0.9,36.43,10.6,0.712,0.266,24,0.8,1.2,Occasional
21.9,133.26,47.5,0.0,0.912,407,0.7,7.5,High-Value
26.7,164.46,46.8,0.268,0.814,497,0.2,10.5,High-Value
27.5,129.38,54.1,0.067,1.0,480,0.0,11.1,High-Value
16.4,76.22,38.6,0.399,0.666,336,1.6,5.5,Loyal
25.2,193.98,38.8,0.0,1.0,549,0.9,10.5,High-Value
2.4,41.51,13.1,1.0,0.413,53,3.3,2.4,Occasional
25.8,145.13,52.3,0.0,1.0,579,0.0,6.3,High-Value
16.8,88.71,38.6,0.135,0.759,326,2.2,7.4,Loyal
17.3,72.34,35.1,0.409,0.672,291,0.7,5.8,Loyal
13.8,76.54,33.2,0.0,1.0,324,0.0,4.8,Loyal
25.7,143.87,48.3,0.201,0.852,435,0.3,9.4,High-Value
3.3,48.89,13.9,0.797,0.282,47,1.6,1.0,Occasional
25.6,131.2,44.8,0.0,1.0,558,0.5,9.7,High-Value
2.9,43.65,14.3,0.314,0.328,61,3.6,3.4,Occasional
14.6,60.05,29.9,0.0,1.0,287,0.5,7.1,Loyal
13.8,73.12,31.3,0.539,0.482,289,0.9,4.1,Loyal
13.2,75.5,26.7,0.645,0.245,284,0.9,3.4,Loyal
15.7,71.24,37.1,0.349,0.623,304,0.8,5.9,Loyal
14.8,61.87,36.0,0.0,1.0,335,0.7,7.7,Loyal
14.2,93.22,30.8,0.157,0.707,309,0.1,5.3,Loyal
22.6,144.72,37.7,0.051,1.0,512,0.9,8.9,High-Value
2.4,42.26,12.4,0.998,0.225,42,3.0,0.7,Occasional
15.4,74.64,31.3,0.245,0.851,318,0.2,6.3,Loyal
23.3,134.59,42.9,0.378,0.935,480,0.6,9.0,High-Value
23.8,131.28,36.4,0.0,1.0,578,0.4,8.4,High-Value
5.3,55.59,16.5,0.228,0.206,68,3.9,2.1,Occasional
2.0,41.53,10.5,0.365,0.324,55,1.5,1.0,Occasional
22.1,145.46,40.2,0.0,1.0,410,0.7,10.3,High-Value
16.8,71.39,37.5,0.279,0.814,337,1.6,7.2,Loyal
3.0,41.93,15.9,0.807,0.069,51,1.4,0.0,Occasional
17.5,82.29,42.6,0.425,0.404,311,0.4,3.3,Loyal
4.1,52.36,14.0,0.09,0.351,59,2.9,2.0,Occasional
1.4,38.27,15.3,0.481,0.5,48,3.1,1.9,Occasional
23.0,127.83,41.8,0.046,1.0,419,1.3,10.8,High-Value
16.4,72.63,38.0,0.149,0.668,360,0.7,5.4,Loyal
16.9,81.26,35.5,0.0,1.0,338,2.4,9.1,Loyal
15.0,96.27,35.3,0.031,1.0,308,0.1,6.1,Loyal
2.8,42.01,16.9,0.965,0.261,45,1.9,1.1,Occasional
0.6,34.56,10.6,0.903,0.242,42,0.0,0.0,Occasional
16.6,74.67,30.8,0.316,0.643,338,0.6,4.4,Loyal
17.2,81.59,41.7,0.281,0.77,293,0.6,6.2,Loyal
2.0,40.77,19.2,0.297,0.313,50,0.9,0.0,Occasional
2.9,41.57,14.5,0.0,0.433,64,0.0,1.2,Occasional
21.9,123.32,41.8,0.175,0.647,381,0.3,8.2,High-Value
13.8,73.06,31.9,0.581,0.529,266,0.8,4.8,Loyal
23.3,125.97,46.6,0.215,0.619,446,1.1,7.5,High-Value
16.5,79.2,39.6,0.044,1.0,318,0.9,7.0,Loyal
15.5,88.44,34.3,0.083,0.7,316,0.6,5.5,Loyal
3.7,48.22,14.0,0.187,0.311,51,2.1,2.4,Occasional
1.2,37.47,12.9,1.0,0.09,24,1.9,0.1,Occasional
0.9,38.59,14.6,0.475,0.137,37,0.0,0.3,Occasional
1.2,45.07,8.5,1.0,0.141,21,1.9,1.4,Occasional
23.4,173.81,40.8,0.218,0.578,463,0.3,7.6,High-Value
15.1,82.25,32.4,0.383,0.599,297,1.2,6.0,Loyal
16.9,65.49,37.4,0.19,0.948,297,1.9,8.5,Loyal
23.7,151.26,47.5,0.03,1.0,536,0.0,6.2,High-Value
23.1,136.89,47.3,0.093,0.879,452,0.0,5.1,High-Value
15.4,85.66,37.5,0.269,0.561,308,1.1,5.9,Loyal
25.2,174.69,42.2,0.091,0.891,474,0.4,10.6,High-Value
23.5,135.38,46.6,0.163,0.587,481,0.9,5.5,High-Value
2.9,45.98,17.8,0.55,0.097,45,1.9,1.0,Occasional
15.4,77.4,38.6,0.014,1.0,284,0.0,6.7,Loyal
3.4,44.35,14.5,0.762,0.337,48,2.9,2.1,Occasional
16.6,74.34,39.3,0.286,0.821,317,1.4,7.1,Loyal
3.1,43.96,15.7,0.651,0.187,35,3.3,2.7,Occasional
18.5,75.08,42.6,0.0,1.0,350,1.2,7.6,Loyal
1.0,43.28,13.3,0.411,0.272,36,1.6,0.8,Occasional
2.0,37.91,14.9,0.981,0.226,42,3.0,1.1,Occasional
25.3,132.04,48.3,0.168,0.585,501,0.0,5.8,High-Value
15.1,64.44,36.6,0.373,0.488,274,0.1,3.6,Loyal
25.1,129.62,41.2,0.065,1.0,592,1.0,8.5,High-Value
4.1,42.56,18.7,0.644,0.315,69,1.7,1.4,Occasional
23.7,165.2,42.5,0.0,1.0,443,0.0,10.3,High-Value
15.2,77.13,35.4,0.358,0.742,320,2.1,8.9,Loyal
12.7,72.57,29.3,0.472,0.611,275,2.8,7.5,Loyal
3.5,43.97,12.1,0.361,0.312,58,3.3,1.3,Occasional
27.2,162.29,48.8,0.127,0.973,532,1.1,10.6,High-Value
25.3,144.03,42.9,0.19,0.638,504,0.0,7.4,High-Value
15.8,74.86,35.4,0.404,0.626,296,0.9,5.8,Loyal
13.2,75.34,35.8,0.488,0.312,267,1.1,3.5,Loyal
16.0,73.38,36.2,0.0,1.0,346,1.1,8.6,Loyal
25.1,136.28,42.5,0.251,0.563,457,0.1,7.1,High-Value
4.1,42.65,12.7,0.597,0.268,65,1.5,0.2,Occasional
3.4,45.34,15.7,0.427,0.212,49,1.6,0.5,Occasional
24.4,137.8,43.0,0.093,1.0,509,1.1,9.7,High-Value
13.4,84.49,30.4,0.626,0.505,251,2.0,5.6,Loyal
23.5,132.83,41.2,0.249,0.787,466,0.1,7.9,High-Value
4.4,45.0,20.0,0.717,0.286,60,2.6,1.2,Occasional
13.2,67.09,31.3,0.48,0.384,297,1.7,4.4,Loyal
24.0,140.69,41.8,0.127,1.0,477,0.6,11.9,High-Value
3.9,45.44,18.5,0.937,0.282,52,2.2,0.5,Occasional
14.4,64.22,29.1,0.272,0.913,301,1.6,7.6,Loyal
15.1,84.13,38.2,0.382,0.633,314,0.6,5.4,Loyal
16.0,66.83,43.9,0.245,0.862,321,1.7,7.3,Loyal
16.4,89.05,36.0,0.532,0.781,326,1.6,7.8,Loyal
12.3,68.26,28.3,0.336,0.526,308,0.5,3.2,Loyal
4.4,52.84,19.6,0.346,0.366,46,0.9,1.1,Occasional
14.3,54.41,37.1,0.0,1.0,272,1.7,8.9,Loyal
14.0,66.48,33.3,0.667,0.448,270,2.6,5.6,Loyal
16.2,81.13,36.4,0.293,0.806,285,1.8,7.6,Loyal
15.2,87.28,36.3,0.02,0.755,280,0.5,6.0,Loyal
15.4,60.06,36.2,0.649,0.601,271,1.2,7.1,Loyal
24.0,139.51,40.9,0.388,0.638,489,0.5,7.1,High-Value
22.3,130.82,36.9,0.245,0.759,460,0.5,7.4,High-Value
24.2,156.22,43.9,0.198,0.785,539,0.5,7.0,High-Value
23.1,140.16,39.0,0.228,0.799,488,0.5,7.6,High-Value
15.7,71.92,34.0,0.018,0.729,355,0.0,4.1,Loyal
26.0,155.0,45.7,0.134,0.907,513,0.4,8.6,High-Value
2.8,52.23,15.7,0.343,0.344,57,2.5,0.9,Occasional
3.9,41.48,11.4,0.278,0.356,58,2.7,3.1,Occasional
26.5,149.96,50.9,0.041,0.719,527,0.6,8.5,High-Value
15.9,65.39,33.8,0.411,0.936,340,1.1,5.5,Loyal
13.9,78.62,33.1,0.4,0.602,259,1.1,6.0,Loyal
4.4,50.64,14.1,0.459,0.386,72,3.1,3.1,Occasional
14.2,81.57,35.8,0.052,0.705,331,0.0,3.2,Loyal
4.1,50.66,18.6,0.0,0.403,59,2.2,1.7,Occasional
15.8,75.98,35.0,0.259,0.58,318,0.2,4.6,Loyal
2.5,43.94,10.2,0.151,0.501,53,3.9,3.3,Occasional
15.1,79.97,35.9,0.08,1.0,279,0.4,6.4,Loyal
2.1,39.9,13.6,1.0,0.196,33,2.6,1.2,Occasional
16.3,100.01,40.8,0.005,0.89,306,1.6,6.9,Loyal
2.9,45.89,14.5,0.55,0.222,50,2.2,0.5,Occasional
24.2,155.62,44.4,0.154,0.928,452,0.8,9.2,High-Value
15.2,87.86,31.4,0.436,0.227,303,0.4,4.2,Loyal
13.3,61.22,34.4,0.217,0.816,235,1.4,6.3,Loyal
3.5,51.27,16.9,0.492,0.262,33,2.8,3.5,Occasional
15.9,80.1,37.5,0.45,0.633,368,1.0,5.3,Loyal
1.9,40.07,11.2,1.0,0.249,45,0.5,0.0,Occasional
2.5,44.48,14.4,0.0,0.264,42,0.0,1.0,Occasional
1.9,45.26,14.9,0.788,0.362,44,1.0,1.1,Occasional
28.3,174.06,48.7,0.096,1.0,606,0.8,11.3,High-Value
3.1,41.2,17.1,0.356,0.395,59,3.1,1.7,Occasional
14.9,61.26,37.2,0.032,0.987,317,1.8,8.2,Loyal
1.7,40.94,11.5,0.353,0.332,51,2.9,2.1,Occasional
4.3,49.09,15.6,0.537,0.253,63,4.9,2.6,Occasional
25.1,166.58,42.6,0.192,0.892,485,1.4,11.5,High-Value
25.7,161.94,41.2,0.099,0.805,542,1.0,9.4,High-Value
16.0,82.73,34.1,0.215,0.617,298,0.0,5.3,Loyal
25.0,153.91,42.1,0.133,0.666,485,1.1,9.0,High-Value
23.6,143.55,44.5,0.175,0.933,486,0.9,8.9,High-Value
14.2,68.44,32.1,0.408,0.691,313,1.4,4.9,Loyal
2.0,43.22,14.8,0.823,0.398,39,3.7,2.7,Occasional
27.0,169.67,47.4,0.04,1.0,574,1.4,11.9,High-Value
15.8,76.52,43.7,0.049,0.942,326,0.3,6.0,Loyal
15.1,88.91,32.7,0.0,0.716,339,0.2,4.6,Loyal
2.3,40.52,14.2,1.0,0.191,31,2.1,1.7,Occasional
16.2,78.71,38.2,0.0,0.869,331,0.4,5.4,Loyal
1.6,43.7,16.0,0.285,0.426,33,2.4,2.0,Occasional
13.0,70.04,35.2,0.618,0.594,305,0.2,3.0,Loyal
3.3,48.36,14.8,0.571,0.283,37,2.2,1.6,Occasional
12.0,72.82,33.2,0.0,1.0,244,1.7,8.6,Loyal
15.8,72.84,34.8,0.591,0.412,304,2.4,7.8,Loyal
3.5,49.21,16.7,0.0,0.387,59,1.3,1.4,Occasional
15.5,80.42,35.4,0.387,0.63,301,0.9,4.3,Loyal
17.6,83.7,41.4,0.0,1.0,288,2.4,9.9,Loyal
27.6,130.1,51.4,0.123,0.87,613,0.4,10.1,High-Value
2.3,44.37,11.3,0.558,0.396,46,1.9,1.2,Occasional
23.9,120.38,40.1,0.131,0.937,516,0.6,8.5,High-Value
14.1,47.29,36.7,0.241,0.842,303,0.2,4.3,Loyal
28.4,148.27,49.1,0.262,1.0,551,0.8,11.7,High-Value
25.3,182.76,45.7,0.0,1.0,480,0.5,9.4,High-Value
26.3,187.17,47.7,0.0,0.914,495,0.1,10.3,High-Value
3.0,44.87,14.3,0.0,0.243,53,2.3,1.2,Occasional
16.2,83.88,36.6,0.009,0.883,340,0.9,6.4,Loyal
15.0,90.53,30.5,0.422,0.711,292,1.3,5.7,Loyal
22.8,152.94,41.8,0.045,0.789,474,0.0,7.1,High-Value
4.1,45.82,19.2,0.825,0.213,61,2.4,0.8,Occasional
28.3,158.02,47.9,0.442,0.709,538,1.0,8.5,High-Value
3.8,53.11,10.3,0.0,0.421,57,1.6,2.7,Occasional
16.1,72.92,33.6,0.0,0.828,312,1.9,9.5,Loyal
16.1,86.74,35.8,0.18,1.0,317,1.8,9.3,Loyal
14.0,85.43,32.2,0.114,0.72,305,0.4,4.4,Loyal
15.6,77.26,38.7,0.421,0.434,230,1.0,6.5,Loyal
13.2,76.23,38.5,0.359,0.683,242,1.2,4.6,Loyal
18.2,81.7,36.0,0.145,1.0,326,2.7,10.9,Loyal
12.4,82.06,32.0,0.387,0.498,235,0.4,3.7,Loyal
2.7,43.05,16.7,0.901,0.154,34,2.1,0.2,Occasional
16.1,64.76,37.8,0.096,0.771,325,0.0,5.1,Loyal
23.9,148.88,41.1,0.248,0.866,517,0.8,10.0,High-Value
23.0,130.11,44.8,0.013,1.0,467,0.9,8.5,High-Value
21.5,137.89,39.3,0.132,0.739,483,0.7,5.9,High-Value
25.1,134.1,48.2,0.045,0.847,463,0.7,9.0,High-Value
15.3,83.51,33.1,0.0,0.993,284,0.8,7.4,Loyal
20.7,143.21,33.6,0.33,0.673,457,0.9,8.9,High-Value
24.7,129.51,48.5,0.333,0.827,379,0.0,9.3,High-Value
26.6,163.08,49.2,0.0,1.0,531,0.3,10.2,High-Value
14.8,61.57,32.3,0.354,0.741,288,1.1,8.0,Loyal
26.4,147.98,54.7,0.054,1.0,481,0.5,9.6,High-Value
13.8,73.4,27.9,0.446,0.636,301,1.2,5.8,Loyal
23.3,153.05,42.3,0.223,0.629,479,0.4,4.4,High-Value
22.7,121.23,41.8,0.047,0.689,470,0.0,6.7,High-Value
3.9,53.04,16.9,0.145,0.325,49,1.3,1.0,Occasional
1.0,36.25,12.3,0.79,0.315,45,1.7,0.7,Occasional
3.5,36.88,11.8,1.0,0.247,62,2.9,0.8,Occasional
26.0,133.31,50.9,0.049,0.637,490,0.4,6.6,High-Value
4.9,48.97,17.0,0.504,0.29,71,4.5,2.5,Occasional
15.0,79.87,32.1,0.543,0.533,289,1.9,5.3,Loyal
14.8,60.14,35.3,0.581,0.53,315,1.9,7.0,Loyal
18.5,90.58,43.5,0.0,0.914,333,0.0,6.3,Loyal
3.7,49.07,18.6,0.454,0.319,46,2.5,1.0,Occasional
3.2,41.78,17.3,0.856,0.214,44,3.3,1.4,Occasional
17.8,91.78,38.4,0.088,0.907,290,2.5,9.8,Loyal
13.8,71.98,32.8,0.068,0.784,274,1.7,7.1,Loyal
14.3,77.26,27.7,0.0,1.0,302,0.8,7.7,Loyal
4.8,56.3,17.7,0.634,0.393,60,2.6,0.8,Occasional
27.2,146.58,48.5,0.237,1.0,595,1.0,11.6,High-Value
3.6,43.84,15.4,0.437,0.258,53,2.4,1.1,Occasional
23.9,162.41,42.3,0.276,0.739,395,1.0,9.6,High-Value
16.5,71.77,37.7,0.663,0.586,317,0.3,3.7,Loyal
4.3,49.73,15.6,0.467,0.435,57,3.7,2.4,Occasional
14.6,76.53,28.5,0.323,0.466,342,0.6,5.0,Loyal
16.5,88.26,35.6,0.058,1.0,352,1.3,7.8,Loyal
14.2,68.38,32.2,0.385,0.883,275,1.2,6.1,Loyal
2.6,44.85,13.0,0.301,0.285,49,2.3,3.0,Occasional
27.5,168.52,54.2,0.281,0.769,504,1.2,9.0,High-Value
13.7,76.68,35.5,0.159,0.541,286,1.2,4.8,Loyal
20.2,130.42,36.1,0.247,0.63,489,0.9,5.7,High-Value
4.0,45.65,16.6,0.197,0.236,48,1.3,1.3,Occasional
13.4,58.37,34.5,0.089,0.859,249,1.4,7.7,Loyal
26.1,156.26,45.1,0.075,0.936,453,0.6,9.4,High-Value
3.2,42.94,15.8,0.704,0.502,60,3.4,3.1,Occasional
23.4,138.91,34.1,0.362,0.861,496,0.5,10.4,High-Value
17.9,93.69,44.8,0.0,1.0,332,1.0,10.0,Loyal
2.9,44.1,15.2,1.0,0.193,53,3.0,0.3,Occasional
27.3,171.23,47.7,0.041,1.0,603,1.2,11.1,High-Value
17.2,85.25,34.4,0.048,0.827,307,0.5,7.3,Loyal
13.6,70.25,30.7,0.544,0.553,306,1.9,5.4,Loyal
17.4,88.41,38.1,0.37,0.59,324,2.1,7.2,Loyal
15.7,77.28,36.7,0.095,0.956,311,1.6,8.3,Loyal
3.0,45.17,16.7,0.57,0.153,43,1.2,0.8,Occasional
22.0,139.57,37.9,0.355,0.627,463,0.8,6.3,High-Value
2.0,45.09,16.2,0.883,0.364,46,2.9,1.4,Occasional
15.7,74.4,34.2,0.0,0.919,267,0.4,7.7,Loyal
23.5,148.15,46.0,0.135,0.789,373,0.0,6.0,High-Value
17.7,83.29,38.0,0.211,0.918,324,1.6,8.2,Loyal
25.9,136.51,52.2,0.171,0.94,469,1.0,10.0,High-Value
14.2,90.63,35.6,0.0,1.0,313,0.4,5.3,Loyal
14.7,67.78,31.2,0.428,0.373,279,0.0,1.1,Loyal
13.3,71.78,33.7,0.108,0.99,252,1.6,7.3,Loyal
16.1,71.0,40.9,0.376,0.715,291,1.2,8.1,Loyal
15.4,76.52,36.2,0.451,0.532,306,0.3,4.6,Loyal
24.3,124.06,41.7,0.23,0.812,525,0.8,7.5,High-Value
16.6,83.66,39.7,0.383,0.659,267,0.9,6.9,Loyal
17.1,77.15,41.9,0.345,0.572,283,1.3,7.2,Loyal
26.1,174.93,44.2,0.065,1.0,472,0.6,12.5,High-Value
13.5,60.52,33.4,0.0,1.0,312,2.4,9.6,Loyal
13.9,64.45,35.7,0.468,0.506,285,2.4,5.7,Loyal
13.9,82.74,33.6,0.126,0.701,263,0.5,4.7,Loyal
22.0,142.03,37.1,0.049,1.0,530,0.3,7.3,High-Value
26.1,188.81,43.4,0.245,0.74,492,1.5,7.5,High-Value
1.3,41.92,16.5,0.475,0.249,39,2.2,0.6,Occasional
13.1,60.83,33.1,0.345,0.759,258,0.3,5.4,Loyal
16.6,82.96,37.6,0.0,0.764,348,0.5,5.7,Loyal
24.6,119.04,43.8,0.302,0.755,520,0.9,11.3,High-Value
13.6,74.92,34.8,0.012,1.0,282,1.3,6.5,Loyal
5.5,50.23,18.2,0.0,0.351,64,4.3,3.4,Occasional
14.2,74.9,32.2,0.316,0.585,292,1.3,5.4,Loyal
21.1,163.37,36.4,0.043,0.774,497,0.4,6.8,High-Value
14.1,72.84,31.6,0.262,0.872,249,1.3,7.1,Loyal
24.6,139.42,44.6,0.381,0.519,498,1.2,7.4,High-Value
22.1,135.84,40.3,0.04,0.872,453,0.2,6.9,High-Value
24.6,148.31,42.9,0.176,0.956,529,0.1,7.5,High-Value
18.5,83.38,39.0,0.0,1.0,324,0.8,8.4,Loyal
26.1,156.17,46.5,0.244,0.825,525,1.4,10.2,High-Value
27.4,158.79,49.7,0.188,1.0,486,1.6,12.6,High-Value
25.7,171.82,41.7,0.0,1.0,585,0.6,10.6,High-Value
2.5,47.75,12.2,0.0,0.416,57,2.4,2.7,Occasional
26.1,158.23,46.4,0.181,0.7,536,0.9,7.5,High-Value
15.5,77.91,36.7,0.0,1.0,314,1.6,8.7,Loyal
5.3,54.87,17.6,0.414,0.098,54,1.0,0.0,Occasional
3.7,51.11,18.2,0.243,0.325,57,1.5,1.3,Occasional
12.1,61.65,24.4,0.266,0.562,273,1.1,5.2,Loyal
4.3,53.74,15.0,0.595,0.315,64,3.1,0.9,Occasional
14.8,63.65,34.5,0.298,0.631,282,1.9,7.5,Loyal
13.6,75.27,33.7,0.114,0.982,313,1.1,6.3,Loyal
12.3,67.01,24.0,0.132,0.512,299,0.1,4.0,Loyal
16.2,68.25,37.3,0.014,1.0,315,2.4,10.5,Loyal
26.5,147.09,49.0,0.316,0.572,584,1.2,8.1,High-Value
14.1,73.94,36.9,0.131,0.941,299,1.0,4.0,Loyal
13.1,65.1,36.0,0.442,0.523,286,1.4,3.9,Loyal
14.0,76.9,36.5,0.262,0.751,293,0.0,5.2,Loyal
3.6,41.11,16.3,0.541,0.202,54,3.3,2.0,Occasional
3.0,46.7,13.9,0.904,0.393,62,3.1,1.5,Occasional
24.7,140.9,41.7,0.126,0.992,473,0.2,10.6,High-Value
22.2,138.39,39.5,0.465,0.427,477,0.0,2.5,High-Value
2.5,39.74,16.2,0.692,0.41,42,2.9,1.8,Occasional
4.0,51.24,15.2,0.555,0.238,48,2.3,0.8,Occasional
24.7,157.08,41.9,0.195,0.818,513,0.0,7.7,High-Value
17.8,71.49,39.8,0.09,1.0,319,1.7,8.4,Loyal
23.4,138.75,44.4,0.321,0.634,495,0.0,5.2,High-Value
16.7,73.49,39.7,0.626,0.406,322,1.6,5.4,Loyal
24.4,113.53,47.5,0.173,0.825,455,0.5,9.6,High-Value
18.3,95.33,45.2,0.41,0.5,293,1.2,5.9,Loyal
16.1,74.22,37.7,0.257,0.807,343,1.6,6.9,Loyal
15.7,83.33,37.0,0.314,0.715,311,0.9,5.3,Loyal
23.2,114.36,47.9,0.179,0.807,415,0.3,7.0,High-Value
4.6,51.41,14.0,0.391,0.329,71,3.8,1.2,Occasional
3.7,49.39,13.4,0.295,0.352,61,2.4,0.8,Occasional
15.3,70.96,37.7,0.368,0.686,305,1.7,5.9,Loyal
4.2,51.43,9.5,0.714,0.173,63,2.7,0.0,Occasional
4.0,48.89,14.1,0.214,0.207,60,2.9,0.4,Occasional
22.4,130.77,41.6,0.35,0.591,442,0.5,5.8,High-Value
12.6,71.28,28.0,0.34,0.542,295,1.8,6.5,Loyal
14.5,79.32,38.0,0.057,0.83,307,0.5,6.2,Loyal
26.9,165.71,47.4,0.297,0.836,593,0.2,5.9,High-Value
25.9,133.79,49.4,0.269,0.39,551,0.0,3.9,High-Value
14.1,81.72,35.5,0.114,0.778,290,0.0,4.4,Loyal
24.3,176.1,39.0,0.049,1.0,510,0.8,10.9,High-Value
2.9,47.33,13.5,0.311,0.315,56,0.0,0.0,Occasional
15.4,61.51,34.8,0.429,0.699,291,0.9,7.1,Loyal
17.4,86.21,39.1,0.121,0.845,296,1.6,7.8,Loyal
17.3,79.68,44.0,0.253,0.545,292,0.4,4.8,Loyal
26.0,145.48,47.4,0.136,0.95,496,0.0,9.3,High-Value
24.7,132.91,45.7,0.0,1.0,534,0.6,9.5,High-Value
15.4,62.13,35.2,0.338,0.552,337,1.1,4.7,Loyal
11.9,69.11,28.6,0.355,0.799,252,0.9,5.5,Loyal
13.8,82.19,30.8,0.221,0.917,306,1.1,7.0,Loyal
15.4,70.63,35.0,0.191,0.796,322,0.9,6.3,Loyal
14.7,61.31,31.9,0.28,0.736,290,0.9,7.1,Loyal
23.1,135.6,41.8,0.0,1.0,496,0.4,7.8,High-Value
26.9,158.26,52.5,0.0,1.0,516,0.2,11.0,High-Value
17.2,94.24,40.9,0.356,0.805,337,1.0,5.8,Loyal
24.4,150.49,44.2,0.187,0.883,499,0.8,8.7,High-Value
15.3,94.46,38.3,0.375,0.424,297,0.4,2.7,Loyal
4.7,53.09,16.5,0.139,0.26,61,2.9,2.5,Occasional
15.9,69.6,38.6,0.161,0.679,275,1.0,5.6,Loyal
3.6,45.04,18.3,0.628,0.225,44,1.5,2.3,Occasional
3.4,50.64,10.2,0.972,0.128,53,2.1,0.8,Occasional
16.2,86.54,38.4,0.181,0.664,368,1.7,5.7,Loyal
17.4,92.99,39.3,0.075,0.676,326,1.4,7.0,Loyal
16.3,78.98,37.7,0.382,0.506,293,0.7,5.0,Loyal
1.7,36.18,15.5,1.0,0.28,36,4.1,1.5,Occasional
2.4,47.89,12.7,0.825,0.258,44,3.2,2.2,Occasional
22.5,96.94,39.1,0.344,0.866,496,1.4,9.6,High-Value
26.6,167.98,43.0,0.141,1.0,577,1.4,11.1,High-Value
17.6,94.32,34.0,0.13,0.815,289,0.0,6.3,Loyal
14.4,74.97,29.5,0.332,0.602,283,1.0,6.1,Loyal
23.3,143.14,44.8,0.075,0.821,463,1.0,9.0,High-Value
21.4,120.29,33.6,0.108,1.0,534,0.3,9.1,High-Value
12.7,69.91,28.7,0.185,0.821,319,1.4,4.7,Loyal
16.6,60.39,37.2,0.335,0.583,334,1.5,5.8,Loyal
3.3,49.65,14.9,0.732,0.217,52,1.5,0.2,Occasional
4.6,47.14,16.2,0.813,0.387,70,2.5,1.4,Occasional
1.4,42.57,16.8,0.276,0.364,40,1.0,0.4,Occasional
27.8,169.64,46.9,0.223,0.793,549,0.7,8.3,High-Value
12.0,64.16,31.2,0.238,0.995,256,1.4,5.9,Loyal
16.0,77.72,32.8,0.462,0.595,324,0.5,6.3,Loyal
28.3,158.22,49.8,0.049,0.991,551,0.0,11.9,High-Value
23.1,132.98,45.1,0.198,0.593,511,0.3,5.7,High-Value
2.6,40.01,14.2,0.38,0.249,59,3.8,2.4,Occasional
26.3,141.16,51.8,0.0,1.0,506,1.0,11.4,High-Value
26.8,177.78,48.2,0.139,0.812,493,0.1,10.4,High-Value
28.7,116.72,49.8,0.0,1.0,629,0.0,12.6,High-Value
4.0,47.47,16.0,0.445,0.395,60,2.6,1.4,Occasional
16.1,89.97,38.4,0.0,1.0,348,0.1,7.1,Loyal
26.1,161.41,52.0,0.097,0.88,406,0.6,10.1,High-Value
14.2,66.44,31.9,0.093,0.934,340,1.7,6.3,Loyal
25.6,155.7,49.8,0.046,1.0,533,0.8,9.9,High-Value
2.4,49.71,18.3,0.409,0.256,35,1.1,0.3,Occasional
27.0,118.7,55.3,0.338,0.842,505,0.5,7.7,High-Value
11.9,81.05,31.5,0.248,0.673,229,0.0,3.4,Loyal
4.1,49.27,19.4,0.087,0.243,62,1.1,0.2,Occasional
15.5,87.59,35.8,0.102,0.66,308,1.3,5.7,Loyal
1.9,38.91,13.2,1.0,0.396,53,3.2,0.4,Occasional
16.3,82.92,36.0,0.11,0.778,333,0.9,4.2,Loyal
2.6,42.32,17.0,0.417,0.31,48,3.0,1.1,Occasional
23.7,179.43,40.1,0.0,1.0,530,0.0,6.5,High-Value
14.6,70.95,34.1,0.124,1.0,315,1.7,8.4,Loyal
3.4,43.05,18.1,0.919,0.444,48,4.3,3.0,Occasional
13.5,69.38,35.9,0.163,0.824,286,0.1,4.5,Loyal
22.9,145.14,37.4,0.237,0.782,498,0.0,6.8,High-Value
3.5,43.55,15.0,0.446,0.243,60,5.2,2.2,Occasional
1.4,39.61,12.4,0.217,0.395,49,3.4,0.5,Occasional
13.9,73.42,37.5,0.376,0.736,278,0.3,3.3,Loyal
2.9,44.75,16.2,0.592,0.293,44,0.0,0.7,Occasional
25.0,160.14,44.9,0.306,0.68,541,0.4,6.9,High-Value
13.2,65.36,29.8,0.483,0.454,307,1.0,3.8,Loyal
1.3,43.52,7.8,0.813,0.467,42,2.1,2.7,Occasional
23.9,158.38,40.6,0.116,0.75,536,0.3,8.0,High-Value
22.1,143.73,36.6,0.213,0.584,491,0.0,5.7,High-Value
16.7,71.12,37.1,0.531,0.407,296,0.9,4.7,Loyal
16.8,82.99,39.1,0.406,0.629,311,1.8,7.0,Loyal
29.4,159.04,56.8,0.0,0.935,485,0.1,9.7,High-Value
3.0,49.49,17.2,0.454,0.26,54,3.6,1.0,Occasional
17.4,85.37,41.4,0.128,0.96,320,0.9,7.3,Loyal
2.5,39.29,13.7,0.92,0.25,38,0.6,0.0,Occasional
2.6,40.89,15.6,0.88,0.34,48,1.2,0.6,Occasional
16.5,83.51,39.8,0.384,1.0,291,1.9,8.0,Loyal
12.2,74.33,30.4,0.0,0.939,268,0.2,4.7,Loyal
16.6,83.79,35.5,0.572,0.676,327,1.6,7.0,Loyal
0.5,35.1,13.8,0.934,0.18,17,2.2,2.7,Occasional
4.8,56.14,15.9,0.0,0.413,70,3.1,1.6,Occasional
15.9,95.63,42.5,0.343,0.282,282,1.0,3.9,Loyal
14.0,74.43,30.9,0.344,0.51,285,1.3,4.9,Loyal
1.4,45.32,17.2,0.399,0.456,46,3.5,2.1,Occasional
25.4,140.19,49.7,0.136,0.75,492,0.2,6.1,High-Value
5.0,55.96,13.3,0.221,0.311,69,1.1,0.5,Occasional
26.1,168.11,44.4,0.0,0.9,549,0.2,8.4,High-Value
27.9,158.59,49.9,0.279,0.948,507,0.8,12.2,High-Value
27.0,135.99,49.0,0.306,0.887,551,0.9,9.3,High-Value
13.7,68.14,38.2,0.125,0.772,252,1.0,6.1,Loyal
13.3,72.58,29.2,0.468,0.753,270,1.6,6.2,Loyal
16.2,70.18,33.5,0.153,0.819,288,0.1,5.8,Loyal
27.3,172.96,53.4,0.072,0.765,516,0.2,7.2,High-Value
18.4,71.51,36.2,0.409,0.894,352,0.7,7.0,Loyal
14.2,53.95,34.5,0.289,0.876,282,0.8,6.4,Loyal
3.8,46.7,15.2,1.0,0.334,41,1.6,2.0,Occasional
13.4,66.05,29.6,0.404,0.561,257,0.7,5.5,Loyal
2.0,35.91,12.2,1.0,0.166,38,2.5,0.6,Occasional
18.4,105.03,43.4,0.304,0.688,331,0.8,5.6,Loyal
16.6,77.91,37.1,0.372,0.788,353,1.5,6.2,Loyal
26.0,155.87,45.8,0.399,0.58,512,0.5,7.6,High-Value
17.6,79.7,42.9,0.145,0.664,359,0.6,6.1,Loyal
23.2,150.63,42.1,0.068,0.763,475,0.2,5.2,High-Value
16.4,102.6,42.7,0.043,0.745,365,1.6,6.9,Loyal
3.7,45.27,17.2,0.784,0.211,45,2.7,0.4,Occasional
17.3,94.18,43.1,0.18,1.0,340,1.0,7.1,Loyal
16.5,85.86,38.0,0.267,0.392,298,0.2,4.0,Loyal
13.3,75.83,31.2,0.335,0.815,310,2.2,8.3,Loyal
25.6,132.73,47.3,0.19,0.825,535,0.2,5.1,High-Value
15.3,86.08,29.3,0.359,0.475,324,1.2,5.6,Loyal
23.4,125.42,41.9,0.087,0.941,432,0.4,9.0,High-Value
1.2,28.81,11.1,0.847,0.29,35,0.4,1.2,Occasional
16.4,73.18,37.2,0.235,0.478,356,1.5,5.3,Loyal
27.7,181.22,53.7,0.132,0.722,481,0.4,7.8,High-Value
2.8,40.5,15.5,0.0,0.416,51,1.5,2.0,Occasional
22.9,143.87,42.9,0.177,0.877,438,0.0,4.8,High-Value
2.6,45.94,13.8,0.237,0.379,61,1.7,1.4,Occasional
1.4,37.33,15.2,0.513,0.029,35,0.7,0.0,Occasional
25.4,128.0,50.6,0.11,1.0,469,1.2,10.3,High-Value
23.0,139.67,42.0,0.169,0.919,442,0.8,8.8,High-Value
23.4,115.94,44.7,0.312,0.691,429,0.2,7.2,High-Value
27.5,149.73,47.6,0.164,0.721,536,0.0,9.3,High-Value
3.5,45.09,18.6,0.425,0.338,52,1.7,0.8,Occasional
22.4,121.24,39.1,0.062,1.0,458,0.8,9.9,High-Value
3.3,53.46,14.8,0.178,0.379,54,3.2,1.8,Occasional
16.2,74.02,43.0,0.0,1.0,360,1.7,7.3,Loyal
14.8,86.0,32.9,0.32,0.609,292,0.8,5.5,Loyal
4.5,50.01,17.9,0.71,0.356,53,3.2,3.4,Occasional
13.8,60.26,32.6,0.302,0.916,324,0.5,4.7,Loyal
23.4,128.58,42.7,0.011,0.823,490,0.0,8.3,High-Value
2.7,48.75,12.2,0.085,0.465,57,2.3,1.8,Occasional
22.8,132.58,42.8,0.151,0.965,432,1.0,10.6,High-Value
24.3,131.1,43.4,0.072,1.0,526,0.6,10.6,High-Value
15.6,62.2,33.6,0.165,0.895,324,0.2,6.1,Loyal
26.9,143.33,49.5,0.135,0.884,531,0.0,8.4,High-Value
2.8,48.97,18.6,0.713,0.287,40,2.7,1.1,Occasional
24.9,132.42,45.6,0.1,1.0,474,1.0,13.5,High-Value
1.9,45.21,13.9,0.453,0.171,40,0.7,0.7,Occasional
21.9,141.23,38.2,0.311,0.601,464,0.3,4.6,High-Value
17.1,105.27,38.9,0.021,0.799,342,1.1,7.2,Loyal
3.6,48.69,12.5,0.862,0.174,45,2.3,0.8,Occasional
14.1,71.77,32.2,0.663,0.538,273,0.0,2.5,Loyal
15.7,78.24,33.4,0.212,0.629,336,0.0,3.7,Loyal
26.1,144.1,46.3,0.251,0.869,491,1.0,10.1,High-Value
4.0,47.47,13.9,1.0,0.205,50,3.4,1.1,Occasional
13.2,61.42,32.2,0.283,0.709,286,2.0,6.1,Loyal
22.1,136.88,38.5,0.375,0.503,517,0.2,5.3,High-Value
27.5,143.6,48.1,0.103,1.0,610,0.5,9.4,High-Value
3.5,44.73,17.5,1.0,0.333,38,2.0,1.9,Occasional
24.2,127.54,40.5,0.432,0.819,504,1.7,8.5,High-Value
2.3,43.76,14.7,0.569,0.384,42,3.3,2.4,Occasional
18.5,87.8,38.2,0.146,1.0,366,0.7,8.1,Loyal
2.8,50.45,16.0,0.31,0.265,39,2.2,1.1,Occasional
22.5,154.53,36.7,0.328,0.802,463,0.1,8.5,High-Value
24.2,134.82,43.4,0.134,1.0,470,1.0,9.9,High-Value
25.8,160.55,44.7,0.122,0.94,530,0.0,8.0,High-Value
2.8,46.08,12.9,0.644,0.351,43,2.7,2.9,Occasional
14.8,68.14,34.1,0.114,0.795,290,1.1,5.8,Loyal
17.1,81.02,35.3,0.19,0.799,309,0.0,4.8,Loyal
3.7,47.26,16.0,0.792,0.11,50,2.5,0.4,Occasional
3.4,47.74,15.2,0.512,0.35,54,3.2,3.7,Occasional
15.1,83.37,35.6,0.357,0.497,310,0.0,3.6,Loyal
18.7,78.88,43.6,0.469,0.503,330,1.6,6.5,Loyal
24.8,173.28,46.0,0.158,0.914,487,0.4,8.0,High-Value
15.5,71.94,30.6,0.338,0.44,320,0.2,4.7,Loyal
14.6,78.25,32.9,0.043,0.981,296,0.7,7.0,Loyal
13.1,65.04,33.8,0.136,0.842,235,0.3,3.6,Loyal
2.9,49.15,13.4,1.0,0.144,45,2.2,0.3,Occasional
11.8,60.62,29.2,0.0,0.864,254,0.8,5.9,Loyal
15.8,65.71,40.5,0.153,0.733,257,0.8,5.2,Loyal
3.6,44.36,16.0,0.924,0.348,51,3.0,1.9,Occasional
14.9,78.81,29.3,0.15,0.613,346,0.5,5.9,Loyal
14.1,69.28,32.6,0.194,0.737,308,0.7,5.4,Loyal
24.8,169.58,42.8,0.35,0.552,496,1.0,9.4,High-Value
12.5,67.12,29.0,0.517,0.666,254,0.9,4.7,Loyal
2.8,45.08,14.5,0.918,0.283,43,3.5,1.7,Occasional
15.1,49.2,37.3,0.39,0.829,293,0.9,6.0,Loyal
15.0,72.73,36.4,0.366,0.688,319,2.4,7.3,Loyal
14.9,66.22,36.7,0.326,0.704,265,2.6,6.8,Loyal
23.8,156.95,39.5,0.043,0.783,516,0.0,7.1,High-Value
26.5,133.04,49.0,0.079,1.0,488,0.7,11.3,High-Value
3.3,46.92,18.0,0.946,0.187,43,2.1,0.8,Occasional
17.1,80.71,35.1,0.489,0.493,322,1.0,7.4,Loyal
14.3,73.99,32.7,0.295,0.718,339,0.8,5.6,Loyal
22.2,124.9,42.7,0.182,0.664,417,0.5,4.9,High-Value
23.7,154.86,36.6,0.073,0.789,581,0.6,8.1,High-Value
1.5,38.86,12.3,0.8,0.29,43,4.0,2.8,Occasional
21.6,128.01,37.2,0.0,1.0,535,0.4,9.3,High-Value
2.2,39.81,9.7,0.335,0.355,62,3.2,1.8,Occasional
16.0,84.43,35.6,0.069,1.0,289,3.3,10.8,Loyal
3.0,40.68,15.2,0.35,0.41,50,0.2,0.9,Occasional
4.8,53.73,19.0,0.068,0.421,66,2.5,2.7,Occasional
4.0,48.97,19.0,0.42,0.495,63,3.9,2.4,Occasional
15.8,69.42,37.3,0.141,0.976,300,1.9,8.5,Loyal
15.3,79.86,32.7,0.493,0.462,339,1.6,5.2,Loyal
15.9,65.06,32.3,0.155,0.892,374,1.3,7.6,Loyal
1.9,49.49,12.5,0.708,0.38,44,0.6,1.1,Occasional
2.5,41.03,12.3,0.287,0.372,52,2.4,0.8,Occasional
14.5,76.37,33.7,0.4,0.515,276,1.0,4.6,Loyal
15.0,68.56,36.3,0.261,0.853,288,1.8,7.0,Loyal
15.2,83.46,34.7,0.249,0.591,335,1.0,6.3,Loyal
2.7,41.77,21.2,0.602,0.365,41,3.1,2.5,Occasional
3.1,44.66,11.9,0.612,0.38,53,1.3,1.2,Occasional
17.5,89.79,39.6,0.485,0.592,356,0.8,3.6,Loyal
15.0,76.78,39.6,0.552,0.512,249,0.9,4.0,Loyal
22.9,141.67,39.1,0.208,0.76,477,1.0,8.8,High-Value
2.6,36.91,14.1,0.63,0.305,46,0.6,0.4,Occasional
4.2,51.48,16.4,0.486,0.35,56,4.4,2.5,Occasional
14.5,78.54,35.9,0.437,0.612,326,0.6,5.8,Loyal
4.2,58.0,15.1,0.166,0.411,63,2.3,1.3,Occasional
17.0,81.77,31.5,0.003,1.0,338,1.3,9.7,Loyal
23.9,118.13,42.9,0.237,0.711,491,0.2,7.6,High-Value
16.0,81.8,34.7,0.389,0.336,341,0.1,3.3,Loyal
14.5,74.05,31.4,0.308,0.831,257,2.1,8.3,Loyal
15.2,65.81,40.5,0.243,0.872,283,1.5,6.1,Loyal
25.0,144.82,45.3,0.214,0.682,528,0.1,6.5,High-Value
4.2,44.66,18.9,0.966,0.4,52,2.1,1.6,Occasional
17.2,93.71,35.7,0.591,0.46,290,1.3,6.8,Loyal
3.8,51.93,14.9,0.448,0.1,40,3.0,1.3,Occasional
3.6,43.82,12.1,0.0,0.5,70,2.3,1.5,Occasional
3.6,48.46,15.2,0.429,0.256,47,3.0,1.7,Occasional
24.2,142.6,44.6,0.294,0.772,527,0.5,6.7,High-Value
14.8,78.62,39.5,0.277,0.783,302,0.6,5.7,Loyal
16.9,80.41,41.0,0.355,0.551,284,1.8,6.1,Loyal
14.0,78.39,34.1,0.326,0.632,341,1.3,5.2,Loyal
25.2,160.33,44.2,0.064,1.0,541,0.6,9.8,High-Value
26.5,158.62,47.8,0.032,0.852,530,0.5,8.6,High-Value
16.4,71.87,30.6,0.05,1.0,334,1.3,8.3,Loyal
16.5,80.2,34.9,0.283,0.864,278,2.0,9.0,Loyal
25.8,118.89,48.1,0.093,1.0,498,0.9,11.5,High-Value
15.7,69.7,36.9,0.319,0.633,337,1.7,6.1,Loyal
16.2,56.36,34.0,0.487,0.591,309,1.3,6.3,Loyal
15.0,84.41,33.9,0.085,0.943,322,1.8,7.1,Loyal
15.9,91.7,36.5,0.206,0.637,305,0.8,5.0,Loyal
3.3,44.93,13.4,0.787,0.216,47,2.3,1.8,Occasional
15.8,72.3,39.9,0.404,0.516,297,0.2,5.2,Loyal
14.1,71.0,29.4,0.375,0.89,281,1.2,7.9,Loyal
3.2,42.7,15.1,0.583,0.291,57,2.4,1.4,Occasional
2.5,39.54,13.7,1.0,0.407,55,3.5,1.9,Occasional
3.1,41.54,14.9,1.0,0.233,39,1.7,1.5,Occasional
4.3,47.18,18.1,1.0,0.124,55,3.4,0.3,Occasional
25.0,135.37,42.8,0.207,0.814,525,0.4,7.9,High-Value
25.0,152.52,46.5,0.255,0.843,465,0.2,7.1,High-Value
23.8,164.47,38.6,0.108,1.0,459,0.0,10.6,High-Value
2.3,43.52,9.0,0.129,0.4,64,2.0,2.2,Occasional
24.1,149.4,40.5,0.0,1.0,502,1.0,12.5,High-Value
13.3,63.08,32.4,0.534,0.667,275,1.4,5.6,Loyal
2.0,44.42,12.9,0.555,0.389,44,2.3,2.9,Occasional
13.6,70.27,35.9,0.554,0.307,263,1.1,3.4,Loyal
25.4,153.45,47.7,0.078,0.868,530,0.9,10.4,High-Value
24.5,157.19,46.0,0.0,0.951,456,0.0,8.0,High-Value
26.8,173.09,52.0,0.109,0.771,484,0.0,7.1,High-Value
15.4,76.91,41.0,0.349,0.615,270,1.7,6.5,Loyal
23.8,121.62,44.7,0.411,0.219,502,0.1,3.0,High-Value
25.8,163.15,49.3,0.029,1.0,529,0.4,7.5,High-Value
16.0,82.22,38.7,0.237,0.784,316,1.7,7.7,Loyal
1.9,44.11,15.1,0.398,0.251,29,1.7,2.4,Occasional
2.5,46.24,16.1,0.526,0.224,50,1.8,1.6,Occasional
14.9,67.7,36.6,0.291,0.807,294,1.7,8.1,Loyal
4.7,48.66,20.6,0.467,0.217,55,2.6,1.9,Occasional
25.7,150.13,49.0,0.18,0.509,401,0.0,5.4,High-Value
16.1,79.93,37.4,0.388,0.433,311,1.9,8.5,Loyal
3.3,46.56,14.3,0.646,0.162,52,3.8,1.2,Occasional
25.1,176.15,43.4,0.103,0.597,551,0.1,5.4,High-Value
22.4,119.98,44.3,0.232,0.756,408,0.0,5.5,High-Value
2.9,45.21,17.1,0.823,0.266,43,3.5,1.7,Occasional
2.6,41.62,12.9,1.0,0.274,46,2.4,0.5,Occasional
24.7,161.72,44.6,0.325,0.811,473,1.3,9.9,High-Value
2.1,41.36,9.5,0.36,0.235,59,3.0,0.5,Occasional
27.8,177.41,45.4,0.145,0.91,622,0.8,9.5,High-Value
3.1,43.45,15.3,0.872,0.405,59,5.0,2.7,Occasional
28.0,152.06,50.2,0.119,0.969,534,1.2,11.1,High-Value
15.2,83.23,36.3,0.475,0.793,291,1.5,7.0,Loyal
24.8,168.33,48.8,0.081,0.895,462,0.2,7.9,High-Value
17.3,84.1,38.8,0.232,0.678,297,2.6,8.2,Loyal
17.0,81.8,37.0,0.037,0.816,324,0.4,6.9,Loyal
25.8,153.4,45.0,0.184,0.964,509,0.0,8.9,High-Value
23.6,164.7,41.9,0.249,0.689,461,0.0,5.6,High-Value
4.3,53.13,16.5,0.0,0.408,58,3.0,1.8,Occasional
14.4,70.65,35.2,0.368,0.538,276,0.0,3.7,Loyal
14.4,65.61,34.7,0.463,0.433,294,0.1,3.7,Loyal
12.5,69.8,33.1,0.345,0.484,248,0.3,3.9,Loyal
24.3,159.91,42.8,0.182,0.692,508,0.0,6.6,High-Value
23.4,142.46,39.9,0.048,0.707,513,0.4,8.3,High-Value
24.5,152.76,42.9,0.159,0.886,524,0.6,8.5,High-Value
12.6,63.56,31.5,0.228,0.879,259,0.9,4.6,Loyal
3.5,41.82,15.5,0.64,0.445,61,3.9,3.4,Occasional
12.4,65.75,30.3,0.336,0.495,262,0.3,4.5,Loyal
24.4,141.19,43.8,0.0,1.0,552,0.5,9.8,High-Value
16.2,81.56,38.7,0.233,0.736,272,0.6,6.1,Loyal
5.0,51.54,16.9,0.627,0.264,66,2.1,1.4,Occasional
16.9,84.34,40.1,0.17,1.0,333,1.0,7.9,Loyal
13.8,78.2,36.2,0.102,0.79,281,1.6,5.8,Loyal
14.0,74.19,35.0,0.492,0.43,277,0.0,3.2,Loyal
13.4,73.51,31.6,0.445,0.406,297,0.8,3.9,Loyal
3.7,46.54,17.7,0.397,0.403,63,3.6,3.0,Occasional
5.9,55.53,17.2,0.854,0.238,68,4.0,1.6,Occasional
24.1,155.94,38.3,0.217,0.749,447,0.5,7.1,High-Value
22.7,143.68,47.1,0.308,0.545,422,1.1,4.7,High-Value
15.0,78.57,34.2,0.03,1.0,285,0.8,7.4,Loyal
12.1,69.33,31.8,0.269,0.718,263,1.5,5.2,Loyal
2.6,39.11,10.0,0.353,0.492,74,1.6,2.7,Occasional
28.4,170.34,48.5,0.217,0.799,503,0.6,11.1,High-Value
15.4,73.05,34.4,0.446,0.661,302,1.0,4.4,Loyal
14.1,72.4,35.6,0.466,0.35,256,0.0,3.3,Loyal
2.5,38.59,16.0,0.565,0.266,38,2.7,0.0,Occasional
14.6,67.39,37.1,0.569,0.638,276,2.0,6.7,Loyal
2.0,38.46,16.0,0.666,0.193,57,4.8,2.3,Occasional
2.9,50.0,15.7,0.0,0.282,62,2.7,1.8,Occasional
26.0,136.66,49.4,0.0,0.782,504,0.2,8.1,High-Value
16.6,77.44,34.8,0.0,1.0,330,0.3,8.3,Loyal
14.7,58.56,35.9,0.412,0.651,288,0.2,2.8,Loyal
26.4,121.44,50.4,0.124,0.796,514,1.5,10.5,High-Value
15.6,83.68,33.7,0.488,0.642,302,0.5,4.8,Loyal
26.3,164.55,45.8,0.088,1.0,494,0.0,7.5,High-Value
26.9,169.92,46.5,0.238,0.752,519,1.4,10.3,High-Value
14.8,82.47,35.0,0.114,0.924,301,0.0,4.3,Loyal
29.1,163.62,57.6,0.163,0.685,499,0.4,7.8,High-Value
23.2,131.51,43.5,0.0,1.0,488,0.0,6.3,High-Value
25.4,170.93,42.3,0.3,0.675,499,1.5,10.6,High-Value
13.6,63.29,31.4,0.058,0.968,277,1.1,7.9,Loyal
2.1,36.42,16.1,1.0,0.215,38,1.0,0.5,Occasional
23.1,140.87,37.6,0.158,0.674,423,0.0,7.3,High-Value
25.6,123.36,48.1,0.165,0.837,562,0.2,7.8,High-Value
3.4,46.41,11.7,0.67,0.259,48,3.1,3.0,Occasional
11.9,67.51,31.5,0.534,0.577,259,0.3,2.9,Loyal
2.1,38.78,11.4,0.642,0.236,44,2.2,1.4,Occasional
16.4,81.6,39.4,0.242,0.717,257,0.6,6.7,Loyal
1.5,44.7,15.2,0.629,0.287,33,1.4,2.4,Occasional
15.4,77.51,30.3,0.095,0.613,305,1.0,6.8,Loyal
24.8,153.59,44.2,0.212,0.983,501,0.2,9.2,High-Value
24.5,163.46,40.9,0.195,0.771,536,0.4,4.9,High-Value
3.7,49.62,18.0,0.313,0.227,50,2.1,0.9,Occasional
21.7,172.43,33.8,0.127,0.702,553,0.8,5.5,High-Value
27.3,145.98,52.7,0.001,0.859,531,0.3,8.5,High-Value
28.4,163.98,50.5,0.171,0.745,511,0.1,9.5,High-Value
2.7,37.46,17.5,0.736,0.172,46,2.9,0.0,Occasional
15.5,93.1,38.2,0.0,0.816,281,0.4,6.2,Loyal
17.9,74.74,39.7,0.0,0.98,320,0.4,6.6,Loyal
15.0,75.83,37.8,0.137,0.829,324,1.5,7.0,Loyal
26.7,169.2,47.3,0.121,0.868,579,0.3,9.1,High-Value
11.8,67.88,29.7,0.811,0.005,219,0.4,2.3,Loyal
17.4,86.46,40.6,0.357,0.782,347,1.4,5.5,Loyal
22.7,117.64,36.6,0.449,0.574,506,0.4,7.7,High-Value
2.5,40.9,16.2,0.711,0.346,38,3.0,1.5,Occasional
23.5,168.48,43.2,0.08,0.801,438,0.0,6.9,High-Value
15.3,73.37,37.9,0.342,0.45,290,0.6,4.8,Loyal
13.7,73.77,36.1,0.095,0.796,211,0.2,4.7,Loyal
15.6,71.18,39.3,0.491,0.589,231,2.7,8.7,Loyal
3.7,46.81,16.5,0.042,0.429,65,2.4,3.2,Occasional
3.3,34.75,19.0,0.857,0.276,57,3.6,0.9,Occasional
26.5,152.77,50.3,0.127,0.763,551,0.7,8.8,High-Value
26.6,148.79,43.4,0.228,0.704,534,0.2,9.8,High-Value
15.2,80.94,37.1,0.304,0.452,311,0.3,3.6,Loyal
24.2,137.2,35.8,0.351,0.64,496,1.3,9.7,High-Value
14.7,74.11,41.9,0.515,0.201,255,0.7,4.1,Loyal
16.2,66.05,39.4,0.113,0.543,295,1.0,5.7,Loyal
12.0,48.13,35.9,0.147,0.934,270,1.4,6.2,Loyal
2.4,43.05,12.4,0.0,0.376,55,1.1,2.4,Occasional
14.7,85.69,32.9,0.304,0.436,326,0.3,3.7,Loyal
16.4,71.71,36.2,0.669,0.452,329,2.7,7.7,Loyal
16.5,77.07,39.0,0.343,0.642,332,2.2,7.9,Loyal
16.1,76.3,38.4,0.447,0.68,294,0.7,4.3,Loyal
1.7,36.18,12.9,0.926,0.367,51,1.1,0.5,Occasional
3.4,48.81,17.2,0.0,0.536,56,0.0,2.3,Occasional
23.8,148.33,38.6,0.127,0.785,501,0.6,9.0,High-Value
24.6,145.02,39.6,0.277,0.413,553,0.4,6.7,High-Value
24.3,144.93,42.3,0.235,0.702,503,0.2,7.0,High-Value
16.7,90.6,40.7,0.08,1.0,277,0.0,7.4,Loyal
2.8,39.49,14.6,0.643,0.377,52,1.7,0.6,Occasional
3.4,45.01,13.4,0.285,0.277,66,0.7,0.7,Occasional
16.7,85.07,38.1,0.421,0.551,301,0.9,6.2,Loyal
5.6,49.72,20.9,0.409,0.28,68,2.9,2.1,Occasional
15.7,78.08,41.0,0.106,0.907,269,0.9,6.6,Loyal
24.8,99.97,45.3,0.24,0.476,509,0.1,5.0,High-Value
14.4,70.98,38.3,0.103,0.593,288,1.1,6.2,Loyal
13.8,68.15,31.3,0.188,0.734,299,1.0,5.1,Loyal
3.0,45.45,18.7,0.548,0.33,42,2.6,1.7,Occasional
23.8,121.02,39.0,0.269,0.819,482,1.1,10.6,High-Value
17.7,79.54,42.3,0.226,0.752,312,1.9,7.1,Loyal
1.7,37.41,13.0,0.662,0.322,39,2.2,2.0,Occasional
11.1,63.67,32.9,0.125,0.831,242,0.9,5.4,Loyal
2.6,40.56,10.1,0.786,0.412,48,3.1,3.5,Occasional
14.1,80.68,36.3,0.193,0.732,273,1.1,6.6,Loyal
4.3,53.46,17.5,0.196,0.313,53,2.9,2.5,Occasional
13.2,82.97,31.6,0.158,0.84,288,1.4,7.4,Loyal
13.9,76.67,34.8,0.277,0.745,279,1.2,5.9,Loyal
25.4,160.28,42.0,0.113,0.924,539,0.2,10.9,High-Value
26.7,162.35,47.8,0.062,0.654,532,0.6,8.0,High-Value
22.0,123.84,41.4,0.189,0.49,429,0.0,4.3,High-Value
26.1,161.04,48.9,0.01,1.0,534,0.1,8.9,High-Value
3.2,40.7,13.8,1.0,0.08,40,3.3,1.8,Occasional
3.2,49.27,12.2,0.329,0.337,52,3.7,2.5,Occasional
23.6,132.81,44.0,0.0,1.0,440,0.4,10.0,High-Value
25.6,164.89,44.5,0.302,0.617,444,1.1,9.5,High-Value
3.8,44.32,16.8,0.727,0.134,58,1.5,0.0,Occasional
3.1,44.47,19.4,0.599,0.37,43,1.6,3.1,Occasional
16.9,70.92,44.6,0.099,0.481,317,0.0,2.8,Loyal
23.8,124.11,41.5,0.199,0.834,469,1.0,10.4,High-Value
22.8,168.84,42.7,0.119,0.712,457,0.6,5.2,High-Value
13.4,55.28,32.6,0.25,0.816,241,1.4,6.9,Loyal
26.9,158.81,49.3,0.035,1.0,524,0.9,11.6,High-Value
2.9,39.67,11.5,0.645,0.493,54,4.3,4.3,Occasional
5.0,49.85,22.8,1.0,0.309,61,3.5,0.7,Occasional
14.4,70.53,32.6,0.125,0.566,322,0.3,4.6,Loyal
3.2,39.62,17.0,1.0,0.188,48,3.8,1.7,Occasional
14.6,72.66,31.2,0.032,0.908,302,0.1,5.8,Loyal
14.1,78.52,33.5,0.085,0.837,261,0.2,5.4,Loyal
23.8,117.71,42.8,0.256,0.718,477,0.5,7.2,High-Value
13.9,64.42,37.0,0.512,0.713,281,0.8,5.4,Loyal
24.3,133.64,46.2,0.238,0.867,417,0.4,8.2,High-Value
1.0,40.59,15.0,0.804,0.306,34,3.5,1.7,Occasional
25.0,169.26,48.1,0.126,0.793,521,1.0,5.6,High-Value
26.5,158.69,53.1,0.0,0.81,494,0.5,9.2,High-Value
14.6,73.65,39.1,0.285,0.763,265,0.3,3.8,Loyal
25.3,150.83,44.1,0.331,0.375,538,0.1,4.8,High-Value
27.0,174.09,45.9,0.217,1.0,522,1.0,12.2,High-Value
16.0,74.27,41.4,0.0,1.0,320,1.6,7.8,Loyal
15.1,79.16,32.2,0.362,0.394,318,1.3,5.4,Loyal
4.3,49.96,17.2,0.724,0.255,55,2.7,1.3,Occasional
4.2,56.64,17.2,0.0,0.208,54,3.2,2.8,Occasional
15.6,96.7,37.8,0.348,0.468,317,0.2,4.3,Loyal
3.7,51.01,14.4,0.0,0.186,54,1.3,1.5,Occasional
16.8,84.45,32.5,0.015,1.0,318,1.1,8.2,Loyal
2.4,41.54,15.3,0.609,0.296,50,1.8,0.4,Occasional
25.2,122.89,51.2,0.169,0.9,468,0.6,8.2,High-Value
3.8,52.25,14.2,0.0,0.405,70,2.6,0.5,Occasional
15.6,73.64,31.1,0.603,0.402,289,1.3,5.1,Loyal
3.3,46.09,18.1,1.0,0.176,47,3.0,0.4,Occasional
23.3,141.89,46.7,0.066,1.0,405,1.8,11.2,High-Value
20.9,72.95,36.5,0.274,0.571,482,0.0,5.1,High-Value
28.1,152.9,57.1,0.13,1.0,455,0.4,8.9,High-Value
3.6,41.58,16.4,1.0,0.266,44,4.3,2.1,Occasional
15.5,72.27,34.9,0.384,0.633,275,1.3,6.2,Loyal
2.3,43.26,14.6,0.388,0.23,36,1.9,1.7,Occasional
14.1,71.19,32.3,0.167,0.556,323,0.0,2.9,Loyal
23.7,139.68,46.9,0.127,0.869,453,0.5,7.8,High-Value
22.0,140.13,40.3,0.105,0.794,456,0.6,6.7,High-Value
13.1,63.3,35.4,0.573,0.445,296,1.2,4.5,Loyal
15.8,74.45,31.7,0.441,0.699,331,1.3,5.4,Loyal
3.6,49.11,18.2,0.463,0.404,67,3.6,1.1,Occasional
16.0,76.05,38.7,0.38,0.651,298,1.6,6.0,Loyal
15.1,74.0,36.8,0.0,1.0,262,1.0,9.4,Loyal
3.1,46.73,10.8,0.987,0.201,53,2.4,0.0,Occasional
3.0,42.27,14.8,0.302,0.382,55,1.8,1.5,Occasional
17.2,80.05,44.3,0.355,0.725,303,0.0,4.3,Loyal
22.7,157.96,43.2,0.431,0.405,435,0.3,6.7,High-Value
2.7,40.91,15.3,0.769,0.415,58,1.1,1.7,Occasional
4.0,44.47,18.5,1.0,0.243,42,2.9,1.6,Occasional
27.5,170.12,47.9,0.149,0.897,542,0.7,8.1,High-Value
2.8,43.07,14.7,0.595,0.341,58,3.0,1.5,Occasional
3.9,49.67,14.2,0.881,0.371,53,4.0,2.6,Occasional
3.9,49.61,13.4,0.267,0.356,63,2.9,2.7,Occasional
17.6,79.9,38.5,0.16,1.0,320,0.6,7.0,Loyal
3.3,44.01,15.8,0.608,0.193,44,2.5,1.0,Occasional
2.7,50.91,15.1,0.734,0.194,32,2.7,1.4,Occasional
2.3,43.81,12.3,0.842,0.23,42,2.7,1.2,Occasional
2.3,46.76,15.7,1.0,0.113,25,4.2,1.5,Occasional
15.6,81.07,37.4,0.14,0.769,289,0.1,5.5,Loyal
15.8,65.29,35.1,0.652,0.909,289,2.9,10.5,Loyal
23.3,152.65,42.2,0.32,0.418,493,0.8,6.4,High-Value
17.2,82.5,39.3,0.263,0.544,317,1.3,7.5,Loyal
3.2,44.15,17.3,0.811,0.36,67,3.8,1.3,Occasional
23.3,151.41,43.6,0.14,0.898,454,0.1,7.7,High-Value
16.2,62.09,32.7,0.251,0.699,295,1.5,7.6,Loyal
17.1,75.37,45.7,0.55,0.201,276,1.2,4.3,Loyal
3.0,46.98,12.8,0.108,0.27,59,1.8,0.7,Occasional
2.6,49.74,13.2,0.798,0.233,50,3.5,0.3,Occasional
2.8,44.98,13.6,0.103,0.35,47,3.3,2.8,Occasional
3.2,58.67,16.0,0.184,0.325,43,1.0,1.0,Occasional
3.1,50.16,15.4,0.208,0.298,37,1.0,2.1,Occasional
25.1,147.47,49.9,0.058,0.764,534,0.0,5.0,High-Value
1.4,37.8,13.5,0.851,0.239,42,2.7,1.2,Occasional
2.5,51.06,11.6,0.26,0.483,57,0.5,1.9,Occasional
16.5,81.75,38.0,0.456,0.596,346,2.1,6.3,Loyal
23.0,125.99,39.0,0.066,0.89,473,0.0,6.7,High-Value
27.6,139.88,47.1,0.251,0.855,581,0.0,8.6,High-Value
3.9,49.35,12.9,0.089,0.444,63,2.6,1.5,Occasional
2.6,51.99,15.6,0.408,0.422,52,3.6,3.2,Occasional
22.1,124.52,35.8,0.313,0.797,525,0.7,8.8,High-Value
15.9,72.2,34.3,0.291,0.891,288,0.4,8.0,Loyal
15.3,72.29,36.6,0.524,0.634,287,2.1,6.0,Loyal
15.6,69.72,36.4,0.0,1.0,304,0.0,6.6,Loyal
17.2,84.75,37.0,0.198,0.796,343,0.6,6.2,Loyal
3.5,46.76,10.7,0.884,0.3,53,4.3,1.4,Occasional
2.2,41.36,11.1,0.845,0.177,56,1.7,0.4,Occasional
13.4,86.71,34.5,0.36,0.431,220,1.5,6.3,Loyal
25.1,127.85,44.6,0.119,0.805,565,0.0,6.5,High-Value
25.1,119.95,47.0,0.597,0.472,470,0.9,6.9,High-Value
26.3,122.14,49.5,0.0,1.0,573,0.5,10.6,High-Value
16.2,82.54,39.6,0.535,0.633,290,0.3,4.3,Loyal
1.7,36.82,13.5,1.0,0.281,33,1.2,0.8,Occasional
25.6,123.19,47.8,0.479,0.37,494,0.1,6.3,High-Value
1.9,42.54,9.7,0.355,0.499,67,0.9,0.2,Occasional
12.7,78.92,31.6,0.0,0.858,263,1.1,6.5,Loyal
2.9,41.14,15.1,0.222,0.367,50,0.7,0.5,Occasional
23.2,148.39,42.9,0.194,0.987,430,0.1,7.5,High-Value
23.2,119.78,42.9,0.166,0.585,462,0.5,6.0,High-Value
26.3,161.79,40.3,0.256,0.748,554,0.0,7.9,High-Value
25.2,160.68,46.6,0.057,1.0,485,0.4,9.7,High-Value
13.8,82.14,32.3,0.371,0.553,329,0.5,4.7,Loyal
15.9,78.28,35.1,0.006,0.993,331,1.4,8.1,Loyal
25.4,161.48,39.1,0.214,0.847,651,0.4,6.2,High-Value
26.2,147.48,42.7,0.25,0.908,577,0.5,8.6,High-Value
2.9,42.4,15.5,0.563,0.218,39,2.5,1.7,Occasional
2.5,52.37,13.0,0.123,0.321,47,2.0,1.4,Occasional
2.6,45.62,14.0,0.848,0.28,42,4.2,2.2,Occasional
14.9,69.06,35.9,0.498,0.556,256,1.2,6.1,Loyal
13.7,57.6,32.8,0.211,0.704,285,0.0,5.8,Loyal
2.7,40.22,14.5,0.668,0.157,41,2.9,1.5,Occasional
2.1,44.62,15.5,0.311,0.342,48,1.2,0.7,Occasional
3.1,46.93,14.0,0.879,0.328,55,2.0,0.2,Occasional
27.3,167.01,53.4,0.216,0.495,464,0.7,7.5,High-Value
14.4,58.01,35.2,0.406,0.393,272,0.8,4.8,Loyal
26.3,177.31,49.4,0.106,0.877,515,1.0,8.6,High-Value
2.6,42.77,15.3,0.668,0.313,53,2.4,1.6,Occasional
14.0,76.43,36.5,0.213,0.469,236,1.3,4.8,Loyal
24.9,157.81,45.1,0.258,0.71,493,0.3,7.5,High-Value
3.3,53.77,14.9,0.086,0.442,64,2.3,0.8,Occasional
18.7,91.78,45.7,0.337,0.82,353,1.5,7.8,Loyal
2.1,37.17,16.3,0.755,0.402,50,1.8,1.5,Occasional
2.0,42.24,17.6,0.427,0.418,37,2.4,2.5,Occasional
16.4,75.14,40.2,0.387,0.646,284,1.1,5.6,Loyal
17.2,83.97,37.5,0.309,0.695,341,1.4,6.6,Loyal
3.4,44.26,14.2,1.0,0.205,40,4.3,1.6,Occasional
2.6,40.27,15.4,0.546,0.33,53,1.8,0.8,Occasional
14.4,62.68,36.2,0.235,0.812,287,0.4,5.5,Loyal
17.1,88.04,37.6,0.522,0.319,299,0.8,5.3,Loyal
2.9,43.78,16.0,0.176,0.316,53,2.8,1.9,Occasional
3.2,45.88,15.8,0.166,0.546,68,4.0,2.5,Occasional
13.6,72.85,29.2,0.5,0.544,251,1.7,7.2,Loyal
15.5,80.24,36.6,0.0,1.0,287,1.2,8.6,Loyal
16.4,81.03,39.9,0.241,0.84,328,2.0,6.5,Loyal
1.1,46.09,12.8,1.0,0.263,33,2.4,0.8,Occasional
28.5,159.5,50.9,0.028,1.0,584,0.3,11.6,High-Value
22.7,130.92,39.8,0.278,0.682,472,0.4,7.3,High-Value
2.9,45.7,14.8,0.704,0.234,52,2.2,0.6,Occasional
2.4,49.73,15.3,0.841,0.135,38,2.3,0.2,Occasional
24.2,163.0,41.2,0.066,0.92,467,0.2,9.3,High-Value
16.3,85.54,40.0,0.0,0.994,349,0.6,5.9,Loyal
2.8,43.49,15.8,1.0,0.326,37,1.4,1.6,Occasional
1.5,40.91,9.7,0.272,0.429,41,2.1,1.8,Occasional
4.8,53.53,17.0,0.965,0.153,50,3.0,1.2,Occasional
14.7,72.74,36.6,0.408,0.566,337,1.5,5.1,Loyal
15.3,72.34,36.7,0.579,0.51,305,0.2,4.0,Loyal
25.2,132.51,47.8,0.0,0.725,579,0.0,4.1,High-Value
16.1,91.01,37.0,0.0,0.934,300,1.4,6.2,Loyal
28.1,150.02,49.6,0.437,0.861,509,1.0,11.6,High-Value
14.5,78.49,35.8,0.207,0.852,265,0.2,5.2,Loyal
3.3,48.85,11.1,0.778,0.362,56,2.7,1.5,Occasional
27.0,134.7,48.0,0.104,0.99,583,0.2,10.7,High-Value
2.7,48.66,16.8,0.34,0.317,47,3.8,0.8,Occasional
27.7,141.5,51.3,0.184,0.699,600,0.8,8.0,High-Value
27.7,138.66,47.2,0.042,1.0,610,0.9,10.7,High-Value
1.4,38.71,13.2,1.0,0.196,33,2.6,0.0,Occasional
13.4,70.57,33.8,0.417,0.414,295,0.8,3.7,Loyal
29.8,198.58,56.4,0.188,0.656,518,0.1,8.2,High-Value
25.7,163.03,48.1,0.262,0.703,484,0.8,6.4,High-Value
14.6,74.17,32.2,0.338,0.777,310,0.9,5.9,Loyal
24.8,129.09,39.9,0.115,1.0,512,1.0,13.7,High-Value
3.1,44.41,14.9,1.0,0.043,39,2.3,0.0,Occasional
14.5,58.66,35.2,0.349,0.595,296,0.0,2.9,Loyal
2.8,46.99,14.5,0.5,0.406,62,4.2,2.0,Occasional
26.0,188.89,46.2,0.0,0.901,529,0.0,6.2,High-Value
14.5,73.84,33.3,0.446,0.486,296,0.2,4.5,Loyal
26.0,141.48,46.6,0.416,0.594,524,1.4,9.5,High-Value
24.0,148.42,39.0,0.088,0.844,509,0.8,9.5,High-Value
16.4,76.87,36.8,0.066,1.0,264,1.4,10.6,Loyal
3.2,45.99,14.3,0.113,0.521,54,5.4,4.9,Occasional
2.0,41.91,15.3,1.0,0.242,40,1.9,0.2,Occasional
15.7,92.57,33.1,0.09,0.575,354,0.8,3.1,Loyal
14.4,65.84,33.9,0.23,0.697,309,2.0,7.2,Loyal
0.8,42.4,15.5,0.547,0.343,28,2.9,1.8,Occasional
24.4,127.03,48.8,0.252,0.766,453,1.1,8.4,High-Value
14.6,89.03,38.9,0.115,0.842,266,0.2,6.2,Loyal
14.9,50.33,35.7,0.086,1.0,323,0.4,6.2,Loyal
3.4,47.44,16.0,0.798,0.086,39,3.0,2.5,Occasional
15.4,64.0,32.8,0.401,0.81,366,1.2,5.5,Loyal
14.3,72.1,34.9,0.242,0.947,279,0.7,6.7,Loyal
2.7,40.58,17.5,0.988,0.356,41,2.2,1.9,Occasional
1.4,44.0,10.4,0.061,0.503,56,2.4,2.6,Occasional
14.7,60.89,34.4,0.37,0.878,274,0.0,4.6,Loyal
16.6,93.13,38.3,0.221,0.754,289,0.4,6.4,Loyal
1.1,37.72,12.4,0.54,0.494,40,1.0,2.2,Occasional
15.1,58.99,33.8,0.118,0.896,287,1.0,6.4,Loyal
17.2,86.51,38.3,0.263,0.539,289,1.3,5.8,Loyal
15.2,97.03,38.8,0.088,0.766,262,0.3,6.7,Loyal
18.0,91.08,46.2,0.752,0.201,258,1.9,7.5,Loyal
3.0,49.28,14.9,0.0,0.443,56,3.4,1.8,Occasional
13.8,76.88,30.7,0.042,0.892,300,1.0,7.6,Loyal
14.9,73.83,37.5,0.308,0.654,252,1.1,5.7,Loyal
3.4,50.11,15.1,0.0,0.469,67,3.0,2.1,Occasional
17.7,92.26,40.9,0.434,0.494,331,0.2,5.0,Loyal
23.0,151.39,33.0,0.157,0.628,529,0.6,7.6,High-Value
3.8,41.59,12.2,0.257,0.265,52,1.2,2.4,Occasional
14.9,72.73,32.0,0.364,0.482,307,0.7,5.3,Loyal
12.3,86.0,32.8,0.392,0.629,261,0.0,2.0,Loyal
2.7,43.81,17.5,0.826,0.318,54,2.6,2.4,Occasional
2.4,38.59,13.6,0.963,0.248,49,2.8,1.2,Occasional
2.1,39.02,17.2,0.861,0.084,43,0.5,0.2,Occasional
21.0,94.31,37.6,0.279,0.754,446,0.5,6.7,High-Value
15.3,81.23,34.0,0.608,0.478,270,2.0,5.8,Loyal
19.0,71.77,41.9,0.741,0.494,341,1.7,7.1,Loyal
2.4,42.01,13.1,1.0,0.242,39,2.6,1.5,Occasional
16.4,85.73,33.3,0.33,0.651,343,0.3,5.4,Loyal
17.9,91.66,36.4,0.393,0.749,323,1.0,7.3,Loyal
3.9,45.41,17.6,0.397,0.265,49,3.9,3.4,Occasional
3.0,45.19,16.3,0.717,0.311,40,0.4,0.0,Occasional
14.4,66.01,35.9,0.063,1.0,286,1.2,7.1,Loyal
16.2,92.1,35.8,0.431,0.564,349,1.3,5.5,Loyal
3.5,47.53,16.2,0.986,0.13,44,1.6,0.0,Occasional
15.6,75.85,36.9,0.679,0.247,291,0.0,3.1,Loyal
16.2,82.7,35.5,0.0,0.981,359,1.0,6.2,Loyal
22.4,126.7,39.2,0.269,0.668,474,1.0,6.8,High-Value
16.0,93.01,37.8,0.026,0.915,343,1.6,7.3,Loyal
15.8,91.76,35.6,0.116,0.801,291,0.3,5.7,Loyal
17.1,69.94,35.8,0.636,0.286,315,1.4,6.0,Loyal
4.3,51.57,18.2,0.795,0.184,44,2.4,1.3,Occasional
3.2,44.1,19.0,0.509,0.35,58,2.0,1.9,Occasional
3.0,48.1,16.9,0.833,0.265,45,1.9,1.8,Occasional
16.0,98.61,40.2,0.293,0.569,303,0.7,5.2,Loyal
24.9,123.88,46.1,0.051,0.891,512,1.2,10.1,High-Value
23.8,174.99,42.2,0.0,1.0,494,1.0,9.4,High-Value
3.3,46.36,15.7,0.412,0.329,56,1.2,1.4,Occasional
24.3,137.68,48.6,0.125,0.657,496,0.7,4.7,High-Value
3.0,43.17,18.4,0.621,0.433,60,2.2,1.8,Occasional
27.5,186.94,50.4,0.155,0.946,503,1.0,8.9,High-Value
16.1,85.68,36.5,0.463,0.584,356,0.8,6.0,Loyal
20.0,80.37,35.8,0.13,0.703,406,0.0,7.4,High-Value
15.2,63.32,34.4,0.443,0.526,331,0.2,3.4,Loyal
13.8,78.52,36.2,0.0,0.976,297,0.6,6.5,Loyal
16.9,76.7,40.5,0.181,0.731,324,0.5,5.6,Loyal
1.7,40.64,12.9,1.0,0.113,30,2.3,0.6,Occasional
17.5,96.9,39.3,0.221,0.707,337,1.3,6.8,Loyal
15.0,70.3,34.9,0.074,1.0,300,1.6,9.2,Loyal
26.9,168.53,49.3,0.182,0.637,510,0.7,7.4,High-Value
23.2,101.79,42.4,0.157,0.825,502,0.9,7.4,High-Value
3.2,42.08,15.3,0.825,0.23,48,1.7,1.8,Occasional
15.3,82.46,37.2,0.33,0.989,261,0.7,7.4,Loyal
14.7,82.47,36.2,0.371,0.612,285,0.7,5.4,Loyal
20.9,117.18,36.7,0.386,0.47,399,0.4,6.0,High-Value
14.1,70.02,25.3,0.26,0.948,328,1.6,6.5,Loyal
23.5,112.45,43.0,0.255,1.0,485,0.7,8.8,High-Value
12.8,69.68,28.8,0.269,0.798,258,1.7,7.3,Loyal
4.7,53.18,17.9,0.021,0.462,74,2.5,1.5,Occasional
2.1,41.1,13.3,1.0,0.363,39,2.6,2.8,Occasional
24.0,170.64,43.3,0.0,0.866,444,0.0,5.6,High-Value
15.4,82.24,36.5,0.301,0.637,257,1.5,7.5,Loyal
28.3,180.55,55.4,0.146,0.934,549,0.0,7.7,High-Value
3.8,43.89,15.3,1.0,0.262,52,1.9,1.1,Occasional
15.7,77.88,39.3,0.267,0.729,315,1.8,6.5,Loyal
16.2,76.73,36.7,0.334,0.616,310,0.3,4.9,Loyal
26.4,144.9,50.5,0.0,1.0,499,0.9,10.2,High-Value
2.5,38.35,15.3,0.194,0.385,58,1.7,1.1,Occasional
26.3,153.22,45.9,0.0,0.842,483,0.8,11.5,High-Value
26.6,197.24,47.9,0.131,0.623,551,0.0,4.4,High-Value
13.9,71.65,34.1,0.096,1.0,334,0.8,7.2,Loyal
14.6,68.22,28.9,0.0,0.885,274,0.5,7.2,Loyal
14.9,78.91,34.2,0.498,0.459,305,1.9,6.0,Loyal
3.9,49.38,16.1,0.57,0.219,44,2.1,1.3,Occasional
14.7,67.2,32.2,0.391,0.379,316,0.0,2.5,Loyal
3.1,46.76,16.8,0.46,0.24,57,1.8,0.5,Occasional
4.5,46.53,16.4,0.0,0.652,89,3.4,2.9,Occasional
2.0,42.06,12.7,0.0,0.336,56,2.3,1.5,Occasional
23.1,122.44,43.6,0.054,0.837,501,0.3,7.5,High-Value
25.1,143.89,48.7,0.253,0.719,442,0.6,7.6,High-Value
13.0,88.81,29.5,0.143,0.678,315,0.0,2.9,Loyal
15.0,84.7,36.3,0.019,1.0,329,0.6,6.2,Loyal
3.0,50.4,12.8,0.429,0.229,43,3.7,3.3,Occasional
26.6,167.74,45.3,0.117,0.946,525,1.4,10.5,High-Value
2.9,46.85,16.4,0.644,0.305,37,3.3,1.9,Occasional
16.1,85.72,37.4,0.11,1.0,317,1.4,8.0,Loyal
14.4,82.02,32.7,0.587,0.604,301,1.5,5.5,Loyal
23.5,106.25,47.2,0.127,1.0,449,0.6,7.3,High-Value
22.5,143.69,35.7,0.331,0.548,509,0.3,7.4,High-Value
22.6,91.31,38.6,0.161,0.872,497,0.2,8.2,High-Value
15.7,72.71,39.6,0.434,0.556,285,2.2,7.3,Loyal
13.2,65.67,34.0,0.0,0.868,269,0.4,4.7,Loyal
23.2,144.72,38.4,0.108,0.863,562,0.0,5.9,High-Value
2.7,39.01,12.5,1.0,0.362,45,4.0,3.6,Occasional
24.8,139.78,38.9,0.0,0.965,550,0.4,9.7,High-Value
16.1,88.48,36.0,0.046,0.796,322,2.2,8.4,Loyal
2.1,46.15,12.5,0.731,0.423,49,3.9,2.1,Occasional
13.2,69.22,33.0,0.161,0.634,267,1.0,6.2,Loyal
16.3,66.55,41.5,0.392,0.683,325,2.5,8.7,Loyal
1.0,35.8,13.1,1.0,0.138,37,2.8,0.3,Occasional
15.5,80.95,37.9,0.042,1.0,321,0.0,5.1,Loyal
3.2,52.18,14.9,1.0,0.12,33,3.8,1.4,Occasional
28.4,189.6,48.4,0.08,0.643,532,0.1,9.2,High-Value
3.7,49.32,17.9,0.183,0.236,58,2.6,1.7,Occasional
15.4,74.96,30.5,0.125,0.918,323,1.9,8.6,Loyal
15.1,80.18,29.0,0.152,0.924,280,1.8,8.3,Loyal
2.1,38.24,13.3,0.706,0.145,55,3.5,0.0,Occasional
14.8,76.28,35.1,0.378,0.765,292,1.0,6.6,Loyal
1.6,44.02,17.6,0.894,0.116,24,3.3,1.9,Occasional
12.1,63.29,32.2,0.0,1.0,251,0.1,4.7,Loyal
26.5,190.43,44.8,0.046,1.0,509,0.7,11.1,High-Value
27.2,165.43,50.3,0.0,1.0,511,0.6,10.7,High-Value
15.6,71.6,34.8,0.105,0.915,335,1.1,6.1,Loyal
27.4,150.98,51.1,0.246,0.636,516,0.5,7.8,High-Value
3.9,48.42,16.8,0.726,0.252,71,3.2,1.4,Occasional
15.4,67.91,40.7,0.111,0.827,264,1.5,8.1,Loyal
18.1,82.3,41.6,0.449,0.568,357,1.0,5.5,Loyal
28.2,167.82,46.1,0.0,1.0,626,0.9,11.4,High-Value
15.5,86.43,34.5,0.424,0.732,322,1.3,5.3,Loyal
22.1,151.39,39.2,0.184,0.988,415,0.1,7.8,High-Value
3.8,40.69,16.4,0.825,0.199,51,3.4,0.6,Occasional
2.7,37.43,14.7,0.56,0.221,54,3.8,1.1,Occasional
24.1,173.15,42.2,0.18,0.938,481,0.1,8.7,High-Value
23.9,145.33,47.8,0.256,0.914,409,1.1,9.7,High-Value
15.4,101.51,36.6,0.0,1.0,333,1.7,8.1,Loyal
26.8,178.02,46.2,0.342,0.854,499,0.8,9.9,High-Value
1.4,41.91,9.3,0.699,0.314,47,1.4,0.3,Occasional
3.1,48.39,18.7,0.39,0.225,39,2.2,1.2,Occasional
2.1,43.44,13.6,0.206,0.381,48,4.0,2.9,Occasional
2.6,44.47,16.6,0.94,0.199,48,2.8,1.6,Occasional
2.0,39.32,12.8,0.431,0.502,48,2.2,3.6,Occasional
