monthly_purchases,avg_basket_size,total_spend,session_duration,email_clicks,product_views,return_rate
4.0,19.5,3079.59,4.6,6.8,7.9,0.367
8.9,16.5,4504.94,52.1,9.6,46.5,0.0
1.5,3.4,380.83,47.1,1.9,27.5,0.243
5.5,4.4,1183.21,20.9,4.6,29.1,0.207
1.0,1.7,261.9,39.0,1.8,24.0,0.152
1.4,3.2,431.98,44.0,2.0,28.0,0.243
5.2,5.3,904.97,25.2,5.4,31.6,0.04
3.4,16.1,2759.0,9.9,8.8,16.9,0.355
12.4,18.2,6501.46,50.6,10.8,42.8,0.0
0.2,1.0,200.78,30.3,0.5,25.1,0.062
14.0,20.0,6835.03,38.5,9.2,26.2,0.167
1.9,3.1,379.81,55.6,2.8,30.9,0.321
0.7,1.8,355.84,42.4,1.5,27.6,0.294
6.0,5.0,972.08,22.0,5.5,35.8,0.029
11.6,20.1,5710.82,38.2,8.5,29.4,0.189
13.6,25.9,6581.41,69.6,12.4,58.8,0.0
7.9,4.6,1244.92,38.0,5.7,30.8,0.0
12.2,21.1,6105.7,51.2,10.6,36.2,0.131
2.2,3.7,472.08,48.9,1.7,35.2,0.328
3.8,16.6,3728.43,14.3,9.1,14.6,0.375
6.2,4.9,1055.43,27.1,5.0,28.7,0.166
0.5,2.2,329.41,33.7,1.3,17.3,0.031
2.6,12.5,2854.55,9.8,6.7,7.6,0.447
1.3,2.5,283.25,41.4,0.7,22.4,0.169
3.1,16.0,3424.71,8.1,7.4,13.1,0.112
12.2,17.8,5610.46,44.0,9.2,36.5,0.096
2.4,3.9,452.52,43.6,1.5,22.9,0.148
7.2,4.2,1301.23,28.9,5.2,31.3,0.206
9.3,5.8,1272.97,37.9,6.7,37.0,0.028
11.3,19.7,5333.49,58.2,11.1,50.7,0.0
9.3,6.1,1380.09,32.6,5.9,35.5,0.143
8.8,4.9,1357.43,26.7,5.9,29.7,0.0
6.5,3.4,1473.41,15.4,4.8,35.5,0.082
3.7,3.0,1344.31,11.9,2.4,19.4,0.406
3.5,4.1,503.0,54.5,2.2,31.0,0.154
3.9,3.5,1031.62,16.9,5.6,39.9,0.168
2.1,3.6,486.78,42.4,2.0,22.3,0.262
0.9,1.7,351.15,43.0,1.7,26.7,0.237
1.9,4.3,348.58,49.6,2.3,29.7,0.189
12.9,18.1,6271.51,54.1,10.7,47.5,0.0
10.3,14.9,5583.55,34.2,7.1,25.8,0.328
3.8,16.7,3298.48,14.7,9.5,14.8,0.481
11.7,21.6,5397.37,36.6,7.6,27.6,0.5
6.3,4.8,1406.42,21.7,4.8,30.6,0.27
0.5,2.6,274.61,45.7,0.6,26.0,0.186
7.5,5.8,1158.92,37.0,5.8,36.7,0.11
5.8,5.6,1207.16,22.3,4.1,38.5,0.357
3.9,2.2,824.05,20.8,3.5,28.8,0.183
8.7,18.4,6005.08,39.3,8.5,29.3,0.295
2.1,3.2,622.95,44.7,1.0,30.6,0.213
0.2,1.0,285.96,44.3,0.2,31.4,0.139
10.7,17.2,4837.43,49.5,10.1,41.0,0.131
0.8,1.7,346.41,46.5,2.0,32.7,0.256
9.7,13.5,5857.93,42.2,9.3,34.9,0.0
5.1,3.5,1063.4,24.7,5.2,19.8,0.1
3.4,17.3,3212.95,12.8,9.3,20.5,0.43
0.4,1.5,208.33,44.6,0.9,30.6,0.318
0.8,1.2,308.98,46.0,1.6,32.2,0.293
1.7,3.9,462.44,43.4,1.5,18.4,0.125
9.9,15.4,5616.24,31.5,6.5,28.4,0.369
1.7,2.6,402.11,47.3,2.7,27.9,0.166
6.7,5.1,1172.24,26.4,5.1,39.9,0.177
0.2,1.0,215.88,25.8,0.6,18.1,0.264
1.5,3.0,423.77,19.6,0.0,11.1,0.0
4.3,17.5,2338.7,13.9,10.4,13.2,0.5
5.3,21.1,4114.83,11.3,9.4,17.4,0.392
9.3,5.5,1378.03,38.0,5.8,41.4,0.139
2.6,3.5,433.92,54.0,2.6,31.6,0.226
14.3,20.8,6156.54,51.3,10.6,39.7,0.002
0.6,1.6,330.64,40.0,1.0,26.3,0.199
0.3,1.3,259.14,33.3,0.5,21.9,0.19
13.2,22.5,6191.02,53.4,11.0,41.4,0.199
1.5,2.5,380.37,32.9,0.0,22.2,0.008
1.1,2.3,292.83,37.1,0.6,21.6,0.1
7.7,4.5,1116.78,33.7,5.0,35.6,0.039
13.1,20.2,6318.87,51.9,10.7,39.8,0.141
2.2,2.8,408.75,48.7,2.1,31.6,0.348
7.6,4.9,1228.35,26.7,4.9,29.7,0.219
11.2,20.0,5073.99,39.6,7.9,33.3,0.333
2.2,9.7,1979.83,10.7,7.7,13.4,0.5
11.6,16.9,5871.31,54.4,11.2,47.1,0.0
7.5,4.5,1434.02,28.4,6.0,40.3,0.0
1.3,1.7,254.81,46.2,1.4,30.6,0.188
1.5,3.0,241.69,43.4,1.3,33.0,0.283
0.2,2.5,316.05,23.5,0.0,16.8,0.063
0.4,1.8,237.15,20.4,0.0,14.8,0.053
2.7,12.0,2290.08,4.7,7.1,12.9,0.5
5.9,4.0,1256.93,21.2,4.2,21.8,0.161
16.7,21.1,6095.66,52.2,11.1,39.9,0.008
1.3,3.0,444.74,53.2,1.8,32.7,0.401
0.6,2.5,353.1,35.1,0.0,25.3,0.104
1.3,11.8,2443.86,5.9,5.7,11.5,0.0
12.2,18.5,5243.17,53.3,10.8,43.6,0.0
14.1,18.3,6284.73,52.3,11.0,38.0,0.122
1.7,11.1,2571.78,8.4,8.0,13.1,0.0
4.2,18.3,3335.6,13.2,9.6,10.6,0.185
5.8,4.5,1127.95,29.0,4.1,33.4,0.236
0.2,1.7,379.18,29.7,0.1,16.0,0.068
0.2,3.5,333.67,29.5,0.0,25.3,0.197
2.6,12.5,3249.13,2.0,4.5,3.0,0.274
8.5,4.0,1560.76,26.2,5.5,30.4,0.0
5.4,3.3,965.72,27.8,6.5,40.9,0.0
10.6,14.7,4806.14,41.7,8.5,38.0,0.086
1.6,2.8,262.25,43.1,1.4,24.0,0.09
10.4,21.5,6583.42,36.8,7.6,31.4,0.35
7.1,4.3,1374.17,24.3,5.1,27.5,0.198
6.6,5.1,1011.75,29.4,5.5,26.0,0.115
11.5,18.7,6101.29,45.9,9.2,34.6,0.105
9.1,6.0,1393.3,26.7,6.7,32.0,0.0
5.2,3.8,1069.04,18.2,4.9,29.2,0.194
6.6,3.9,1053.32,32.9,6.0,41.4,0.0
2.3,3.0,422.24,41.1,1.3,26.9,0.026
0.2,1.0,245.48,30.5,0.3,21.8,0.106
3.0,14.9,3276.37,15.1,8.4,14.7,0.38
5.8,3.4,1162.29,26.8,5.1,36.2,0.033
13.6,21.9,6637.83,68.1,13.6,51.8,0.0
0.7,2.7,206.21,35.8,0.0,24.9,0.012
6.2,4.3,1486.74,23.1,5.4,42.2,0.244
9.1,17.3,5450.32,41.4,8.0,34.9,0.134
1.8,2.8,331.56,51.0,2.0,33.4,0.342
2.6,10.0,2840.59,18.2,9.1,14.6,0.5
0.8,3.2,244.52,30.8,0.1,19.0,0.076
0.5,2.3,210.81,37.6,0.4,24.8,0.183
9.1,6.7,1196.17,34.4,6.4,34.7,0.056
11.4,17.9,5005.13,52.0,10.4,42.4,0.079
1.3,3.2,507.46,38.0,0.4,29.8,0.19
8.2,5.5,1154.13,33.8,6.0,40.9,0.019
3.5,3.7,741.69,12.2,3.9,22.7,0.221
2.5,4.4,405.74,38.7,1.1,22.9,0.064
12.3,18.4,6585.3,48.1,9.8,40.2,0.0
3.5,14.6,2951.55,12.2,8.8,16.9,0.5
4.3,19.3,2836.17,4.6,7.1,8.3,0.484
7.2,3.9,1405.18,26.0,4.9,32.1,0.066
7.5,4.8,1367.38,27.2,4.3,32.7,0.194
8.2,5.6,1302.11,34.8,6.6,46.9,0.044
0.2,1.0,279.25,31.0,0.9,21.1,0.248
3.2,16.5,3014.76,4.5,6.8,4.9,0.331
1.5,10.7,2367.25,9.3,8.2,13.3,0.0
1.9,2.2,377.78,43.4,1.2,30.0,0.241
1.2,3.0,414.13,35.7,0.3,27.1,0.164
0.7,3.0,530.97,39.1,0.6,24.2,0.317
14.1,20.1,5890.37,46.4,8.7,39.8,0.281
0.9,1.0,195.06,42.4,1.8,28.7,0.219
7.8,3.9,1485.37,28.7,4.2,30.7,0.078
1.9,2.6,424.87,39.5,1.2,25.3,0.181
7.7,4.3,1487.14,32.4,5.0,39.7,0.0
6.5,3.5,1313.31,23.0,4.1,27.3,0.143
0.6,1.9,281.51,36.0,0.8,24.7,0.215
14.4,22.6,6535.27,57.4,11.4,42.6,0.062
10.4,18.2,6031.3,43.1,8.5,37.9,0.114
1.3,2.6,412.38,39.9,1.0,28.1,0.259
9.1,5.6,1333.84,34.7,6.6,33.8,0.0
7.0,5.5,1267.31,24.8,6.1,32.4,0.026
2.3,3.0,347.87,49.4,2.1,18.7,0.0
14.9,24.9,7039.23,55.0,10.9,39.1,0.289
13.2,22.0,6676.75,62.2,11.8,52.1,0.0
7.9,5.2,1506.53,27.8,6.6,33.3,0.023
0.2,2.8,345.84,30.8,0.0,20.2,0.079
6.5,4.4,1339.71,12.9,4.3,27.3,0.174
0.6,2.1,348.57,36.5,0.4,26.4,0.046
6.9,5.1,1216.54,27.0,5.2,28.6,0.112
6.7,4.5,1445.52,29.5,6.3,35.2,0.008
8.6,18.9,6060.78,40.5,7.7,33.6,0.155
1.4,1.8,323.5,45.2,1.2,28.2,0.235
3.3,16.8,3293.46,6.0,7.7,17.6,0.0
1.4,2.6,270.1,37.3,0.6,28.0,0.172
2.9,13.7,2327.43,12.6,9.6,13.0,0.363
1.1,1.1,353.63,36.5,1.2,15.2,0.163
12.9,20.5,5734.64,55.2,11.3,47.1,0.0
2.8,14.5,2665.06,7.8,8.1,10.7,0.199
1.6,2.5,356.18,45.0,2.8,27.4,0.214
6.4,4.2,1281.36,28.5,4.3,34.7,0.155
2.0,13.7,2811.16,7.1,5.7,3.0,0.222
2.3,12.2,2836.47,11.3,7.5,10.2,0.319
12.5,16.1,6422.35,50.0,10.5,37.0,0.0
0.5,2.7,171.16,42.8,1.1,23.1,0.159
6.1,3.5,1234.03,18.2,4.0,23.4,0.01
0.9,2.8,439.65,27.6,0.0,17.7,0.11
6.2,4.3,1089.6,25.5,5.6,33.8,0.0
1.0,1.6,243.05,38.2,1.1,25.6,0.234
1.8,2.8,369.94,39.4,0.8,25.2,0.07
6.9,3.4,1455.14,24.8,3.6,35.1,0.146
3.6,14.4,2592.63,10.3,9.0,13.0,0.448
0.2,1.0,187.08,32.5,0.6,25.6,0.301
5.3,4.6,1012.27,25.3,4.3,32.3,0.29
6.0,3.1,1087.09,17.5,3.4,23.1,0.278
3.1,14.8,2908.37,14.5,10.1,21.6,0.266
2.0,2.9,441.65,45.0,2.0,29.6,0.295
1.3,3.0,371.76,30.8,0.6,20.9,0.067
0.2,1.0,309.45,37.3,1.2,29.6,0.226
5.8,4.8,1190.91,28.7,4.5,24.8,0.409
11.1,18.4,5654.5,49.1,9.6,40.3,0.139
2.0,2.1,351.87,38.2,2.3,24.1,0.152
15.6,22.4,6475.46,55.1,11.8,41.4,0.027
13.3,18.8,6320.61,55.7,11.3,41.9,0.0
7.8,4.0,1456.09,28.5,4.6,29.6,0.101
1.1,3.2,517.76,20.9,0.0,13.0,0.035
8.0,5.2,1313.8,28.5,6.0,36.6,0.022
4.7,4.6,690.21,21.3,3.1,27.2,0.254
0.8,3.0,481.77,33.3,0.0,24.6,0.136
3.3,16.3,2820.81,12.3,10.9,25.0,0.5
5.6,3.9,1164.3,22.2,2.4,23.9,0.274
12.6,23.4,6438.21,57.7,11.4,43.3,0.074
7.0,4.3,1100.12,30.7,5.3,41.5,0.186
12.2,19.1,6181.81,48.3,10.0,38.0,0.195
8.8,14.0,5279.11,40.1,9.3,29.1,0.0
1.5,3.0,325.84,50.5,2.0,33.2,0.304
1.3,3.1,366.24,38.8,0.8,23.1,0.193
0.2,1.0,70.8,34.9,2.1,21.9,0.191
9.9,18.0,5502.23,38.4,7.7,34.1,0.058
2.4,11.3,2739.61,14.2,8.5,12.7,0.5
12.1,20.8,6020.64,67.2,13.5,53.0,0.0
16.0,28.1,6827.7,73.5,13.8,62.1,0.0
12.3,20.5,6673.63,52.8,10.6,43.7,0.0
7.4,4.4,1430.71,22.4,4.0,33.1,0.187
4.3,18.7,3693.24,11.4,9.8,15.2,0.375
2.1,2.2,387.89,49.0,2.7,25.5,0.163
11.2,23.4,6846.62,43.9,7.8,38.6,0.445
14.2,23.4,6462.31,43.9,9.0,35.7,0.264
0.6,2.4,293.48,33.6,0.0,22.8,0.147
3.7,3.3,889.79,18.1,3.9,27.9,0.102
16.4,25.0,6867.63,65.6,13.8,48.9,0.0
8.1,5.9,1160.99,29.2,5.9,37.0,0.106
0.2,1.9,200.42,36.1,0.0,33.2,0.3
2.7,13.7,2935.29,11.8,7.5,13.6,0.441
3.6,15.6,3502.78,4.8,8.1,19.3,0.5
10.8,19.2,6416.33,46.0,8.8,39.2,0.159
11.2,15.8,6330.63,42.6,9.2,33.5,0.135
0.8,2.3,228.24,43.5,1.1,30.1,0.289
11.5,21.3,6715.08,47.7,9.7,34.7,0.185
1.6,9.6,2700.22,12.8,8.8,16.6,0.274
12.4,19.8,6017.43,38.4,8.9,24.8,0.358
1.9,2.3,419.67,39.2,1.4,20.7,0.259
0.2,1.1,310.92,29.2,0.6,21.8,0.181
2.9,15.0,3005.28,8.1,7.8,6.3,0.068
15.5,22.7,5486.79,57.9,10.9,46.9,0.062
2.3,3.7,552.54,42.7,1.9,27.8,0.242
7.8,6.3,1197.51,28.6,5.6,39.2,0.176
1.5,2.6,367.45,35.6,0.7,27.0,0.21
8.6,6.1,1274.34,28.8,6.0,35.5,0.174
8.8,6.6,1302.02,26.8,5.3,29.7,0.216
1.6,2.7,357.71,54.4,2.0,37.3,0.355
6.5,4.4,1395.12,22.9,3.6,24.0,0.335
7.3,4.3,1228.72,25.8,5.3,32.9,0.118
1.0,2.1,362.57,42.5,1.2,34.3,0.305
13.4,20.5,6195.54,46.9,9.0,40.6,0.24
4.1,1.0,836.27,19.8,3.0,24.2,0.055
1.8,10.0,2747.32,11.3,7.8,11.1,0.172
5.3,4.1,997.94,28.8,4.8,28.6,0.157
2.0,2.2,459.87,42.9,2.1,25.8,0.268
1.7,2.5,465.78,37.1,0.6,30.5,0.292
14.4,20.5,6362.78,52.5,11.5,35.9,0.012
1.2,2.9,260.57,46.7,0.9,33.9,0.356
6.9,4.1,1184.55,26.7,6.6,35.5,0.0
2.1,3.9,428.58,35.2,0.3,24.8,0.123
0.2,1.9,429.32,32.3,0.0,23.6,0.255
8.1,5.0,1537.83,21.8,7.0,39.9,0.089
6.5,4.9,1319.13,27.3,4.1,23.7,0.221
3.4,15.5,2989.16,11.4,9.2,13.8,0.38
0.2,1.7,416.37,40.0,0.4,26.0,0.229
11.6,19.3,5635.02,52.0,10.5,39.8,0.0
3.0,17.3,3243.3,6.4,5.9,4.9,0.162
11.4,17.8,6298.5,42.8,9.4,32.1,0.145
1.4,2.8,440.53,34.4,1.7,21.7,0.252
0.7,1.0,181.29,35.7,1.6,22.2,0.179
0.5,2.4,324.98,50.1,1.0,30.1,0.208
11.2,20.5,5848.6,46.3,9.7,35.7,0.259
11.0,18.4,5129.92,50.3,9.7,39.7,0.304
11.7,15.3,5321.69,51.4,11.2,42.6,0.0
1.7,2.9,344.11,39.7,1.5,34.9,0.321
2.7,3.3,412.3,59.5,3.1,36.9,0.286
2.6,13.3,3179.96,11.8,9.0,13.0,0.01
7.9,4.9,1467.33,28.1,5.6,34.8,0.093
0.7,1.6,479.26,30.5,0.3,24.0,0.094
3.4,15.7,3420.54,2.0,5.4,7.0,0.448
2.4,15.5,2489.27,7.5,7.4,6.7,0.0
5.8,3.2,1226.42,23.0,6.2,37.9,0.0
14.8,23.3,7182.52,54.6,10.9,43.8,0.288
0.3,2.1,385.29,25.7,0.0,21.0,0.082
7.7,13.9,4808.12,36.8,7.0,28.4,0.339
2.6,15.3,3118.86,7.7,8.5,17.2,0.072
1.4,2.8,485.33,36.4,0.6,25.4,0.232
5.9,2.5,1333.68,22.8,4.1,35.2,0.066
2.3,2.9,388.05,49.2,1.9,31.2,0.113
0.9,3.5,305.51,26.6,0.0,17.5,0.08
11.0,18.9,5191.93,43.8,8.7,39.7,0.124
12.9,22.1,6321.37,49.8,9.5,43.3,0.096
2.6,13.0,2868.67,13.1,10.1,20.2,0.313
10.1,18.7,6031.77,51.3,10.3,42.8,0.064
11.0,20.0,6154.44,45.1,10.1,30.6,0.135
1.8,3.7,521.68,39.4,0.6,19.0,0.03
1.6,2.1,390.7,46.9,1.8,41.2,0.332
0.2,1.0,255.57,32.9,0.3,25.3,0.18
0.5,2.3,414.34,46.7,1.7,32.8,0.397
6.2,4.8,1132.44,21.2,3.5,26.9,0.27
11.8,18.7,5441.95,51.9,10.1,43.5,0.0
11.5,19.1,5986.73,44.0,8.8,36.3,0.135
3.5,12.7,3039.39,4.2,6.8,6.9,0.5
4.3,18.7,2726.2,15.0,10.3,15.1,0.5
9.7,16.2,4474.75,36.6,7.4,27.3,0.388
6.9,5.8,1140.5,32.6,6.6,36.0,0.095
13.3,19.9,6041.77,58.7,11.2,49.3,0.0
3.1,15.0,2716.34,5.3,7.8,7.3,0.216
0.2,1.6,188.91,30.4,0.0,18.0,0.165
6.1,3.5,1207.34,25.9,5.5,25.9,0.0
2.1,10.0,2796.96,18.7,8.8,15.6,0.5
0.6,2.1,285.69,43.7,1.6,33.5,0.205
0.3,2.6,363.53,28.0,0.0,25.1,0.046
5.7,4.6,919.58,29.3,4.1,29.9,0.18
12.3,20.2,5638.96,41.0,8.9,30.9,0.302
0.2,1.0,386.51,25.2,0.0,25.6,0.175
0.8,2.5,404.89,41.3,0.3,32.1,0.182
1.7,1.0,308.22,35.8,1.6,20.1,0.017
8.6,6.3,1200.43,33.0,6.5,30.5,0.0
0.7,2.7,310.41,36.3,0.0,28.4,0.287
5.7,4.2,1132.77,23.2,3.6,35.0,0.205
1.1,2.5,436.6,35.5,0.0,24.8,0.163
1.8,3.4,302.6,35.4,0.3,25.2,0.132
3.4,14.3,3056.68,8.9,8.5,11.8,0.5
1.5,3.3,362.9,40.0,0.6,30.2,0.161
11.5,21.1,5653.98,49.8,9.8,42.3,0.0
0.9,2.5,401.2,45.1,0.9,29.4,0.311
11.4,19.5,7070.73,52.0,10.9,42.7,0.0
10.6,19.0,5503.77,49.3,9.2,40.1,0.116
7.1,4.6,1356.5,23.1,4.0,27.2,0.125
7.6,5.3,1092.66,32.5,6.0,44.2,0.013
2.5,9.4,2680.15,11.2,7.6,8.1,0.481
6.2,4.0,1211.54,21.5,4.9,25.5,0.034
0.6,2.0,336.8,32.5,0.4,25.9,0.229
6.5,5.3,1144.23,24.5,5.1,33.7,0.108
12.6,18.3,4890.08,47.6,10.2,39.0,0.0
5.7,3.0,1289.2,24.1,4.6,32.5,0.052
2.0,3.2,219.83,45.0,2.0,26.8,0.172
7.6,5.5,1230.35,25.5,4.4,27.3,0.239
11.4,19.1,6052.75,61.2,12.0,50.6,0.0
2.6,12.1,2410.95,15.4,9.0,15.6,0.471
10.5,17.7,6148.4,48.2,10.4,42.4,0.0
10.9,19.2,6062.56,42.4,8.2,34.6,0.204
1.4,2.5,334.4,43.4,0.9,28.5,0.159
3.5,15.9,2863.33,18.6,9.6,14.1,0.491
0.2,1.7,404.56,25.3,0.0,21.6,0.088
13.6,19.9,5761.92,54.5,11.0,48.4,0.0
2.2,17.0,3412.89,5.5,6.2,6.0,0.0
8.6,5.2,1319.32,31.5,6.1,41.9,0.014
8.5,5.1,1520.01,31.5,5.6,39.4,0.216
1.7,2.1,259.01,49.3,2.5,35.8,0.334
12.1,21.5,6579.43,57.8,12.1,45.8,0.0
2.7,16.4,3362.46,4.8,6.0,11.5,0.13
1.8,4.1,534.71,46.2,0.6,34.8,0.266
6.2,4.0,1181.59,31.1,5.1,23.7,0.096
10.5,22.4,6082.1,48.9,9.1,40.8,0.386
7.9,5.1,1536.5,29.5,5.5,39.4,0.0
1.6,2.0,295.32,48.0,1.7,32.6,0.314
0.7,2.2,162.88,39.2,1.2,30.2,0.377
13.6,22.1,6958.67,41.9,9.5,26.9,0.222
9.3,7.6,1685.2,34.4,8.7,47.7,0.0
4.2,17.4,3560.81,15.2,10.4,19.3,0.364
3.5,16.1,3216.67,11.2,8.5,14.0,0.386
1.3,2.5,299.8,39.7,1.7,25.8,0.225
0.2,1.5,247.68,21.5,0.2,15.0,0.088
9.4,6.8,1477.2,28.3,5.9,26.6,0.099
11.4,20.7,6390.38,53.3,10.2,46.5,0.0
4.2,2.6,1099.12,18.6,4.4,31.0,0.065
13.3,22.4,6935.35,49.6,9.4,40.1,0.144
6.0,5.2,1067.62,25.6,3.7,20.9,0.393
8.7,5.6,1389.05,33.6,6.7,36.4,0.064
4.3,18.0,3725.55,9.5,9.4,16.0,0.5
15.8,20.4,6792.09,49.6,10.6,36.5,0.023
1.8,2.6,324.51,60.3,2.0,39.7,0.378
11.9,21.4,5498.11,65.8,14.1,47.5,0.0
1.0,2.8,298.8,36.6,0.1,24.9,0.143
2.0,10.5,3014.26,14.1,8.4,15.2,0.31
7.9,16.5,6364.19,51.2,10.5,45.2,0.0
3.6,16.0,2914.75,12.6,8.4,12.8,0.5
0.2,2.0,231.69,28.8,0.0,23.5,0.18
2.3,3.6,454.93,35.5,0.8,25.4,0.182
8.2,3.6,1430.62,27.0,6.2,46.0,0.0
2.6,15.3,2436.79,5.3,6.3,3.0,0.0
4.2,21.4,3789.66,8.4,8.1,12.2,0.037
1.5,2.9,164.83,47.9,1.9,31.3,0.191
0.6,2.2,218.36,35.3,0.9,33.3,0.245
6.0,3.9,1331.99,22.2,5.1,26.6,0.222
10.9,21.2,6600.18,38.7,7.9,27.0,0.5
0.7,1.7,435.03,26.4,0.0,19.4,0.158
1.7,1.8,432.56,41.7,1.2,23.1,0.092
9.4,5.5,1599.77,28.2,5.3,31.6,0.136
5.4,3.9,1051.18,23.7,4.2,28.7,0.153
2.0,3.8,303.98,48.3,2.5,24.8,0.226
7.8,6.1,1286.01,30.2,7.5,40.8,0.0
0.2,1.0,233.02,17.0,0.0,19.7,0.079
1.5,12.5,2824.47,5.2,6.0,5.7,0.0
0.6,2.7,430.51,37.3,1.4,30.5,0.355
5.8,4.4,1078.3,32.2,6.1,37.2,0.086
5.0,2.4,1296.22,15.6,2.8,18.4,0.108
7.7,5.5,1274.07,28.2,6.0,41.3,0.144
10.2,6.9,1676.98,26.6,5.8,30.3,0.161
1.6,2.1,197.43,43.6,1.2,23.1,0.103
2.9,12.7,3271.4,17.2,11.1,21.5,0.43
11.3,19.4,5107.64,48.7,9.9,40.4,0.035
8.4,6.4,1236.22,33.9,8.0,43.7,0.0
5.7,4.4,1025.58,25.7,3.9,27.9,0.233
12.2,17.8,5744.66,48.3,9.9,41.9,0.007
7.0,5.7,1238.07,26.4,4.9,36.0,0.225
4.2,2.6,966.76,15.4,4.4,33.2,0.262
11.8,20.1,5369.7,53.8,10.4,41.1,0.152
2.4,3.9,415.75,53.0,1.9,38.8,0.276
1.8,10.3,2944.86,5.1,6.9,8.1,0.196
13.2,23.0,5661.81,70.0,12.9,57.5,0.0
2.0,2.5,388.09,60.7,2.8,34.3,0.316
1.9,3.8,462.45,38.3,0.8,32.6,0.169
7.1,4.4,1248.48,31.2,6.4,43.7,0.0
7.2,3.7,1096.36,23.9,4.9,36.6,0.011
4.2,17.7,4215.06,12.7,8.9,14.6,0.5
7.9,4.2,1251.97,29.4,6.2,36.4,0.0
10.4,21.3,6120.36,54.9,9.4,49.1,0.141
1.2,2.7,281.29,43.9,0.8,30.1,0.248
9.7,14.6,5432.79,52.1,10.6,41.1,0.0
10.0,20.3,6182.57,46.4,8.8,39.9,0.161
8.7,16.1,5176.74,37.4,7.6,28.0,0.137
2.1,13.1,2757.14,4.8,5.3,3.0,0.0
4.3,3.1,921.39,23.6,3.9,24.6,0.241
9.3,17.6,6003.56,43.8,9.0,37.3,0.09
2.1,3.9,375.02,36.2,0.5,30.3,0.161
5.7,4.4,974.45,21.3,5.1,32.4,0.143
0.8,1.8,399.87,33.9,0.0,21.4,0.106
1.8,11.9,2373.92,9.5,7.1,12.8,0.287
2.7,3.7,598.63,52.0,2.2,26.2,0.122
1.9,2.8,451.85,42.3,1.6,31.9,0.414
1.6,2.1,303.58,53.6,2.6,31.9,0.2
0.6,1.0,434.49,36.0,1.4,23.5,0.208
8.9,15.0,5536.75,46.0,9.0,39.9,0.117
1.0,2.5,433.57,37.8,0.8,27.6,0.128
1.0,1.9,462.86,42.4,1.0,29.3,0.23
7.6,5.9,1248.6,28.3,5.6,29.7,0.158
2.5,11.5,2782.74,9.6,8.5,17.4,0.5
2.8,17.0,2988.31,3.0,6.1,9.4,0.0
1.5,2.4,381.96,33.9,0.1,27.0,0.17
7.4,4.2,1307.74,24.7,6.3,38.7,0.0
12.8,22.2,6486.96,60.3,11.4,50.1,0.04
2.0,1.8,398.03,36.9,2.2,26.3,0.046
14.5,22.4,6182.47,59.1,12.6,41.6,0.062
12.0,16.8,5399.43,56.9,10.1,54.7,0.019
1.7,2.4,338.07,36.2,0.5,24.0,0.136
7.4,3.7,1396.91,27.7,5.8,37.9,0.056
1.1,2.0,429.51,35.9,0.7,19.3,0.276
9.4,6.9,1430.13,34.2,7.3,50.2,0.033
6.2,4.5,1115.5,25.3,6.0,35.1,0.094
0.2,1.6,273.78,26.3,0.0,18.0,0.151
7.4,6.1,1183.39,33.0,6.5,32.0,0.132
1.9,3.7,436.67,42.8,1.3,26.4,0.197
13.7,18.2,5445.1,50.7,10.1,41.1,0.131
0.2,2.0,183.41,41.3,1.3,22.9,0.303
14.0,21.0,7090.93,54.7,9.9,46.9,0.004
0.2,1.0,232.03,40.9,1.0,29.2,0.271
3.8,18.7,3373.88,8.9,8.9,13.6,0.4
0.2,2.3,276.87,26.4,0.0,19.0,0.191
13.1,19.1,5682.66,42.8,9.2,29.3,0.236
3.5,15.0,3180.54,11.4,9.4,14.0,0.397
2.7,4.1,574.61,53.2,1.9,36.3,0.314
5.7,5.1,961.89,26.3,5.4,27.8,0.146
11.1,19.5,6424.17,39.3,7.9,31.8,0.228
13.9,23.5,5875.22,48.3,10.4,35.6,0.265
7.4,4.6,1157.19,33.8,5.5,33.2,0.093
0.2,2.8,181.95,51.4,1.9,29.4,0.337
13.2,22.8,4967.9,55.6,11.4,41.2,0.127
10.8,17.6,4988.94,43.0,8.9,36.4,0.069
17.0,27.4,6697.77,66.1,12.7,56.4,0.0
7.1,4.1,1293.95,28.4,5.4,28.8,0.168
16.1,21.4,6083.86,58.9,12.5,44.6,0.0
7.7,5.4,1171.04,36.4,6.9,46.2,0.0
6.4,5.6,1149.7,23.1,4.5,34.6,0.31
7.8,5.4,1296.8,28.5,5.9,38.0,0.0
8.7,5.2,1580.96,33.5,5.9,31.8,0.151
1.4,1.9,392.21,48.7,2.7,29.0,0.224
0.2,2.2,256.33,38.4,0.9,29.6,0.223
5.4,2.7,1160.91,27.0,3.8,31.6,0.155
7.9,4.9,1454.02,25.4,5.5,27.5,0.165
9.1,17.9,5525.29,51.8,9.7,44.0,0.035
9.4,14.7,4588.82,45.1,9.5,31.9,0.186
0.2,3.1,192.77,28.3,0.0,18.8,0.092
2.8,13.7,2952.19,9.6,9.0,19.4,0.37
0.2,1.6,199.37,24.8,0.0,24.5,0.14
11.0,19.8,7709.7,48.0,10.5,37.0,0.0
9.8,25.2,7347.5,46.3,8.1,36.1,0.347
1.6,3.9,429.71,41.8,0.2,25.1,0.179
1.3,2.8,308.45,33.9,0.5,22.6,0.097
7.7,3.7,1454.88,23.5,4.2,25.9,0.055
11.9,18.1,5375.55,48.9,10.6,40.7,0.03
8.4,7.4,1377.18,28.8,6.5,32.7,0.153
12.0,21.4,6779.53,48.2,10.2,35.4,0.166
3.1,2.9,364.66,59.2,2.3,37.4,0.14
10.2,18.1,5933.15,38.6,7.6,33.5,0.14
3.6,15.5,3827.27,10.4,8.2,9.6,0.412
6.4,5.7,1324.42,24.6,5.9,27.9,0.119
6.2,3.7,961.75,30.7,5.9,33.4,0.0
5.3,3.1,1020.97,28.1,5.5,42.6,0.0
1.0,1.8,393.37,35.8,1.4,28.2,0.249
14.6,22.9,6454.04,53.6,11.2,40.0,0.154
1.9,2.5,379.96,44.9,0.7,28.8,0.083
5.3,3.9,1173.87,24.1,5.3,33.8,0.118
2.9,16.7,3345.17,10.6,7.0,13.0,0.0
4.2,3.4,952.49,19.7,4.7,31.3,0.065
6.2,3.2,1120.5,26.9,5.0,36.6,0.0
1.1,2.6,347.44,46.0,0.7,31.7,0.262
0.8,1.7,376.06,29.3,0.4,21.0,0.165
3.8,20.3,3475.54,8.5,8.5,12.3,0.0
1.4,1.9,295.86,53.8,2.8,28.1,0.228
13.4,22.5,5232.76,50.1,10.5,34.4,0.226
3.2,16.4,2972.39,5.9,8.2,21.6,0.253
0.9,2.2,235.71,48.6,1.9,30.8,0.346
14.3,19.8,5933.33,59.2,11.6,50.2,0.0
12.0,19.7,6520.17,42.0,8.7,33.0,0.14
7.5,5.5,1107.46,29.6,5.0,37.9,0.104
0.6,2.4,242.27,37.3,0.9,27.2,0.315
2.8,15.1,2781.02,9.1,8.3,12.1,0.232
1.9,3.6,551.42,41.2,0.0,31.4,0.283
7.1,5.3,1508.9,27.0,4.2,28.4,0.394
10.4,15.1,6067.88,45.7,9.1,39.1,0.0
2.0,3.1,290.75,41.6,1.5,29.1,0.158
1.9,2.9,443.09,51.8,1.8,30.7,0.276
3.2,16.6,2160.58,13.7,9.1,17.0,0.5
8.3,15.7,5866.41,41.6,8.6,31.2,0.278
0.2,3.1,342.46,30.8,0.0,19.2,0.166
6.3,4.6,1204.45,20.0,4.2,26.2,0.228
5.0,2.8,1031.25,24.5,4.0,28.4,0.073
6.6,3.7,1211.99,25.5,5.4,36.8,0.032
5.8,3.9,1366.91,18.0,4.0,31.7,0.24
13.1,22.6,5995.51,55.7,10.9,43.4,0.313
7.1,4.1,1378.74,16.6,5.3,32.2,0.034
1.4,2.9,320.61,40.7,0.3,21.4,0.13
0.2,1.3,246.35,34.5,0.3,16.9,0.107
2.2,14.1,2898.37,5.3,6.0,10.7,0.13
10.5,18.0,5744.5,35.1,6.6,26.9,0.5
6.9,5.3,1113.1,27.5,4.5,27.6,0.306
8.8,5.6,1244.26,33.5,7.6,37.9,0.0
3.2,14.3,3338.18,12.0,8.5,12.4,0.405
0.4,1.3,241.52,38.8,0.9,28.6,0.243
6.7,4.4,1201.52,30.6,6.0,31.2,0.0
7.1,6.0,1170.35,25.9,5.2,38.4,0.206
2.7,13.4,2759.71,4.9,5.5,4.6,0.375
12.3,18.2,5913.64,53.9,11.7,41.0,0.0
1.3,2.6,373.37,52.0,3.1,33.3,0.321
1.3,2.9,318.51,42.5,1.9,27.4,0.255
3.0,3.7,395.56,47.6,1.9,29.5,0.249
0.2,2.2,198.23,35.8,0.1,19.6,0.181
7.1,4.1,1480.55,17.9,3.3,21.3,0.181
7.4,4.7,1342.66,30.6,5.0,44.2,0.164
3.5,17.6,3082.69,12.9,9.5,19.3,0.365
4.2,16.2,3433.49,12.5,9.6,10.1,0.5
1.7,13.2,3398.16,10.2,6.8,12.3,0.0
5.4,4.1,941.86,22.1,5.0,35.8,0.093
12.3,20.9,6354.3,45.3,9.9,34.3,0.141
12.2,18.0,6106.34,50.9,9.4,47.5,0.0
1.6,1.2,316.52,40.4,0.3,30.8,0.078
14.4,22.7,4890.12,66.4,13.1,49.8,0.0
0.9,1.3,277.49,35.3,1.4,18.1,0.191
2.8,15.8,2835.56,4.9,5.8,8.1,0.111
2.0,12.7,3272.82,10.1,7.3,9.5,0.125
10.8,20.1,6889.64,58.0,10.7,48.7,0.0
2.1,3.1,429.82,39.4,2.0,23.7,0.233
3.8,3.4,922.74,17.2,4.8,38.6,0.174
1.6,11.3,2359.84,2.6,4.7,5.8,0.357
6.3,4.1,1230.79,27.2,4.8,32.1,0.222
9.2,5.5,1499.19,33.8,5.9,35.1,0.01
4.1,3.4,1160.15,21.3,3.9,30.8,0.271
1.5,2.2,413.25,36.7,1.7,23.3,0.224
3.9,19.2,2437.92,13.8,9.3,15.2,0.42
7.4,6.1,1495.7,23.5,5.5,38.8,0.136
0.2,1.0,105.2,17.9,0.0,14.9,0.016
11.6,19.3,6411.5,54.6,10.5,44.0,0.016
1.4,1.4,213.06,39.4,2.0,23.9,0.122
1.9,2.3,319.31,49.6,2.0,30.2,0.227
1.4,2.6,346.74,38.0,1.4,29.8,0.239
0.7,1.4,198.06,49.9,2.0,33.4,0.356
6.7,3.6,1164.46,23.7,5.2,29.3,0.0
2.3,3.6,574.58,46.3,2.0,21.9,0.127
7.5,5.0,1024.06,32.7,5.3,34.4,0.149
0.8,2.5,337.89,17.3,0.0,19.5,0.121
3.7,16.8,3018.21,12.2,9.3,14.2,0.5
1.1,5.3,2158.71,2.3,4.9,3.0,0.5
0.2,1.6,160.42,37.9,0.8,25.6,0.224
2.6,17.3,2767.76,5.2,5.3,6.7,0.0
1.1,1.0,58.32,43.0,2.1,34.5,0.249
10.3,17.2,5883.2,34.2,7.2,26.2,0.223
5.7,5.4,1077.02,25.1,3.0,27.1,0.5
14.1,23.6,6189.66,35.3,7.5,26.3,0.5
1.1,1.3,157.43,46.2,1.6,27.0,0.155
0.2,2.3,258.65,39.0,0.7,21.3,0.141
9.3,13.6,5278.95,36.1,7.4,29.9,0.169
13.5,22.8,6642.46,50.4,9.9,40.0,0.273
3.4,14.0,3615.5,12.7,8.7,11.3,0.316
3.0,2.0,894.26,21.4,5.0,33.8,0.0
2.9,16.7,2972.19,6.2,5.5,3.0,0.225
1.9,2.2,488.68,32.9,0.4,25.5,0.012
3.6,15.3,3271.36,8.8,7.5,6.5,0.306
13.6,25.8,6775.21,62.1,11.6,50.9,0.0
1.6,3.0,483.69,48.9,1.5,35.2,0.355
2.1,12.2,2100.13,9.2,7.5,15.5,0.281
5.2,3.3,1076.85,17.7,3.8,27.9,0.309
7.8,3.3,1568.1,19.7,5.1,26.8,0.077
4.8,2.5,1077.52,24.3,6.3,40.1,0.0
8.3,6.1,1263.61,27.2,5.6,37.1,0.224
7.8,5.3,1124.05,26.1,6.3,35.0,0.012
3.0,4.2,546.55,62.6,2.2,40.5,0.342
0.6,3.0,247.45,22.6,0.0,13.1,0.0
0.2,1.1,147.52,27.1,0.0,23.5,0.131
1.9,2.9,444.61,43.9,1.8,27.9,0.336
0.8,2.4,361.71,27.7,0.0,16.9,0.145
11.2,18.7,6501.17,50.9,9.1,46.1,0.045
1.3,2.2,376.1,41.0,1.3,26.2,0.191
1.0,1.6,213.3,43.7,1.3,27.3,0.299
4.5,3.7,730.16,24.7,4.8,35.5,0.03
4.7,4.0,976.08,22.0,4.6,30.5,0.141
1.3,3.2,341.21,43.1,0.1,32.1,0.138
0.2,2.7,388.31,36.6,0.7,22.9,0.27
2.3,3.5,483.75,51.8,2.1,29.5,0.259
2.1,2.5,427.77,33.2,1.3,14.7,0.097
1.4,2.4,396.03,36.3,0.5,23.7,0.034
8.6,3.4,1766.65,24.4,4.3,24.5,0.0
4.7,3.1,921.59,27.8,4.5,27.7,0.113
2.4,2.9,376.03,47.7,3.0,26.5,0.236
1.7,3.7,527.84,46.9,1.2,33.5,0.268
4.9,3.1,882.18,25.3,5.2,40.5,0.0
6.6,4.8,1258.35,26.9,6.4,31.3,0.0
3.8,20.6,3433.27,15.9,7.3,5.4,0.0
1.1,3.3,426.04,21.0,0.0,18.4,0.033
0.6,1.5,324.74,34.1,1.2,22.1,0.11
1.1,3.0,229.22,43.1,1.4,35.0,0.366
6.8,2.8,1451.03,25.1,3.1,34.9,0.215
0.6,1.1,271.8,39.0,0.9,26.7,0.216
11.8,19.1,5938.04,46.7,9.5,38.9,0.116
4.1,18.2,3259.81,19.8,11.0,23.6,0.313
5.8,11.5,4134.87,37.0,7.7,31.2,0.047
1.1,2.4,260.82,39.4,1.3,28.2,0.297
12.1,20.4,5877.05,53.1,11.3,41.5,0.017
6.0,4.0,1081.71,26.8,5.7,36.1,0.044
3.6,17.7,3274.4,9.8,7.8,10.2,0.11
2.0,13.5,3446.82,2.0,4.8,9.1,0.0
13.0,21.4,5523.55,47.3,9.3,35.1,0.355
1.0,1.7,291.29,39.6,2.3,24.9,0.148
1.5,1.5,187.15,51.4,2.4,27.4,0.155
12.8,22.7,6675.22,52.0,9.8,41.8,0.37
9.0,5.4,1589.91,20.7,6.5,39.9,0.0
3.3,14.9,2804.91,9.5,7.4,10.0,0.367
0.5,7.4,2036.84,10.0,7.2,16.5,0.156
2.4,15.0,3062.24,7.4,7.3,7.7,0.161
14.3,24.6,6795.94,50.6,8.8,44.7,0.416
4.3,3.2,881.14,18.7,4.2,29.1,0.048
1.0,3.0,388.65,37.4,0.0,29.5,0.259
1.8,4.2,342.88,44.9,0.9,31.2,0.264
2.1,2.4,458.11,39.8,2.0,24.3,0.262
0.2,2.6,326.33,34.7,0.1,25.7,0.182
1.6,2.5,378.87,37.3,0.3,29.3,0.222
3.6,4.3,465.67,38.5,2.1,19.7,0.235
0.2,1.4,284.83,25.7,0.0,13.2,0.292
11.9,16.7,5000.98,52.4,10.1,43.0,0.155
0.2,1.2,261.97,19.4,0.0,17.9,0.0
1.8,13.3,2826.06,8.3,6.0,3.0,0.0
6.1,2.2,1170.14,23.8,3.8,30.0,0.075
4.3,4.4,1079.27,11.0,3.0,22.1,0.32
12.4,23.7,6637.53,65.2,12.6,53.8,0.0
5.3,3.7,932.6,25.3,4.5,31.0,0.127
1.4,3.3,347.82,34.9,0.2,23.2,0.166
13.1,22.4,6743.49,59.8,11.6,44.8,0.0
3.3,3.4,434.0,56.8,3.1,36.1,0.331
1.0,2.2,261.1,34.9,0.0,23.7,0.152
11.3,19.7,5474.83,56.4,11.3,44.7,0.0
0.8,2.5,336.52,39.7,1.1,27.3,0.274
13.9,23.0,5841.79,37.1,8.8,21.4,0.333
10.7,17.0,6073.14,51.2,10.4,44.3,0.0
6.1,3.0,1099.16,21.9,5.1,31.2,0.0
0.5,3.4,321.95,34.7,0.0,21.3,0.203
6.4,4.0,1023.94,31.0,5.8,38.7,0.0
7.4,4.0,1453.07,21.4,5.3,32.0,0.096
5.3,3.7,1178.17,20.9,3.6,23.9,0.291
5.8,4.1,1106.73,21.1,2.5,23.2,0.296
0.6,1.8,341.11,46.6,1.5,29.9,0.218
12.2,17.8,5407.0,61.3,12.3,51.0,0.0
7.4,4.1,1123.47,28.5,6.3,39.9,0.0
2.3,12.1,2716.02,3.1,6.4,8.4,0.224
2.3,2.8,511.2,34.8,0.8,27.8,0.045
1.5,3.7,531.03,46.4,0.2,42.9,0.247
7.1,4.9,1091.31,28.2,6.0,28.8,0.036
3.9,19.4,3403.6,7.8,7.9,14.1,0.38
4.9,19.1,3903.79,12.6,10.2,15.9,0.413
1.5,2.3,337.99,46.6,1.5,31.1,0.189
1.7,1.5,411.53,45.6,3.1,26.7,0.247
2.9,5.7,652.18,33.8,1.0,19.0,0.17
0.2,1.0,244.75,31.3,0.0,17.3,0.162
1.2,2.7,224.65,40.3,1.4,22.8,0.199
11.2,17.5,5100.45,36.2,7.5,25.7,0.36
7.5,4.8,1372.81,23.8,4.5,23.1,0.22
7.2,4.5,1314.02,30.3,5.0,38.9,0.134
0.2,2.1,354.99,31.6,0.0,37.1,0.277
1.4,3.3,381.79,51.1,2.2,36.3,0.377
1.1,2.9,290.6,43.7,0.4,25.9,0.112
11.4,16.6,4970.11,51.7,10.2,41.4,0.159
1.8,1.5,328.0,41.9,2.6,31.9,0.139
7.7,3.7,1458.11,30.2,3.7,31.3,0.194
12.8,20.0,5450.04,37.5,7.0,31.1,0.5
2.6,16.8,3560.98,12.3,7.7,13.6,0.021
3.9,20.0,3894.51,8.5,9.7,19.2,0.0
5.8,5.0,1112.54,25.3,4.2,29.8,0.319
3.3,19.3,3481.32,6.7,8.2,19.4,0.0
11.7,14.7,4615.03,53.7,10.4,45.1,0.016
1.4,2.8,538.38,37.6,0.6,29.5,0.127
9.1,5.6,1470.44,33.4,6.1,40.7,0.025
6.4,3.8,1059.71,24.0,4.2,27.6,0.148
12.5,20.4,5809.14,45.3,9.3,32.3,0.366
8.5,16.8,5868.66,47.2,9.3,39.5,0.0
7.5,5.3,1469.42,31.3,6.0,36.6,0.1
1.0,2.7,393.87,30.0,0.0,25.3,0.292
6.0,4.7,985.25,25.6,5.8,35.5,0.043
9.2,17.8,6528.37,32.4,6.6,28.6,0.343
7.1,5.9,1150.1,26.2,5.5,33.3,0.207
5.1,3.9,1158.5,20.5,3.4,32.7,0.184
1.3,2.2,294.81,45.8,1.1,30.7,0.195
14.5,20.4,6626.46,55.8,11.4,43.8,0.05
13.0,21.1,6384.9,52.4,9.9,46.9,0.106
3.2,3.3,388.98,53.9,2.9,36.1,0.227
10.9,16.6,5323.18,48.4,9.2,40.9,0.126
0.4,2.4,177.07,31.1,0.0,24.1,0.156
15.0,20.1,5836.95,60.0,11.7,47.4,0.022
0.8,3.0,365.72,17.9,0.0,19.8,0.158
1.2,3.0,399.04,43.2,1.0,36.0,0.313
7.0,4.9,1339.86,31.7,6.3,36.7,0.083
16.3,22.7,6149.76,51.9,10.2,45.2,0.245
5.9,3.6,1257.6,23.7,3.4,31.6,0.141
8.4,5.7,1443.27,32.4,6.2,37.4,0.096
4.1,4.0,666.61,26.1,4.3,27.4,0.184
11.8,18.1,5352.34,45.7,9.7,33.5,0.154
8.3,6.4,1549.31,21.6,5.4,33.5,0.263
11.0,19.9,5244.76,55.7,10.5,47.0,0.097
3.5,2.3,828.92,21.9,4.1,30.5,0.057
0.6,2.1,330.68,39.3,1.3,26.2,0.25
7.4,4.5,1278.35,26.1,5.2,40.2,0.111
2.3,3.1,204.32,41.7,1.2,29.4,0.168
0.5,1.4,185.85,39.1,1.3,20.2,0.145
12.5,18.9,6584.56,46.8,9.8,31.2,0.276
6.7,4.3,1130.27,27.8,5.2,30.6,0.019
11.0,19.9,6646.87,50.8,9.2,45.7,0.0
0.2,1.0,243.42,29.8,0.0,21.5,0.19
8.5,17.4,5889.25,27.2,6.3,19.0,0.39
14.0,23.7,6262.65,48.0,10.2,32.0,0.366
13.7,20.8,6522.08,54.2,11.2,41.5,0.0
5.5,4.2,965.96,23.8,5.4,30.3,0.224
11.0,18.3,5728.04,42.0,8.7,32.2,0.22
7.8,5.1,1370.31,20.7,5.5,35.8,0.114
1.0,2.1,230.55,42.1,1.7,25.0,0.106
1.7,1.6,326.86,30.5,0.6,19.0,0.158
0.5,2.7,363.37,38.8,0.5,25.7,0.242
1.3,2.8,407.89,38.6,0.4,26.1,0.183
2.7,3.4,413.76,59.4,2.8,36.6,0.29
5.1,4.5,963.85,26.7,5.6,34.6,0.095
4.2,15.6,3328.35,13.3,11.0,19.5,0.5
10.3,18.7,5763.45,37.3,6.6,35.1,0.416
1.5,4.0,397.99,16.8,0.0,10.2,0.0
2.2,11.9,2696.61,6.1,7.4,12.9,0.085
7.1,4.1,1148.54,23.7,5.5,35.4,0.088
1.0,2.6,228.8,31.8,0.6,25.2,0.113
0.2,2.8,239.66,48.3,1.8,36.3,0.459
7.8,4.5,1314.35,27.0,4.1,28.5,0.228
10.5,19.0,6145.08,48.4,9.0,43.6,0.011
1.7,2.5,457.28,52.4,2.4,31.1,0.284
3.9,17.9,2395.29,9.0,9.0,15.7,0.5
2.1,4.0,441.57,39.7,1.4,28.7,0.239
1.5,11.3,2626.82,9.0,6.5,13.3,0.497
1.9,2.5,488.33,39.0,0.3,19.5,0.0
9.7,5.2,1770.9,27.0,6.3,40.9,0.123
1.7,1.8,320.44,37.3,1.8,19.5,0.194
12.7,20.8,5690.62,45.4,9.7,33.8,0.002
1.4,3.5,450.78,36.7,0.5,33.6,0.242
0.5,1.0,288.08,30.0,0.9,22.7,0.271
2.6,3.5,481.44,42.3,1.6,25.9,0.114
11.2,18.4,7398.95,38.6,7.9,33.6,0.304
11.5,22.1,7296.52,42.4,7.8,34.4,0.468
1.9,13.3,2407.85,7.2,6.2,11.7,0.246
1.5,2.4,425.83,47.8,2.3,30.9,0.324
15.4,22.8,6237.28,53.7,11.1,40.5,0.042
9.1,14.7,6059.26,39.3,8.6,32.5,0.158
6.6,4.1,1290.79,15.8,3.8,24.6,0.249
10.6,19.4,5217.37,52.6,9.4,42.3,0.326
5.2,4.8,1190.17,20.1,4.5,29.0,0.137
8.6,5.8,1545.14,31.4,5.7,29.2,0.077
14.8,25.5,6571.66,57.2,10.9,44.0,0.254
0.8,2.8,267.89,41.1,0.0,31.1,0.241
7.4,3.9,1516.41,28.4,5.3,39.5,0.173
8.9,5.4,1641.65,28.0,5.7,34.3,0.033
2.0,4.0,549.07,40.4,1.4,28.1,0.141
7.5,4.6,1343.97,25.2,5.4,40.4,0.058
2.4,3.4,411.34,45.2,1.6,24.5,0.076
3.3,15.6,2846.59,14.6,10.5,23.7,0.491
8.7,5.8,1501.27,26.2,6.7,41.0,0.051
0.2,1.0,109.58,32.4,1.1,25.4,0.257
10.3,18.7,5943.94,47.8,9.9,39.6,0.002
4.9,3.9,1140.63,11.8,2.5,27.3,0.255
4.1,3.1,950.11,21.0,5.3,26.9,0.0
0.9,3.1,348.75,35.0,1.0,17.4,0.002
3.5,4.3,554.32,50.9,2.3,28.4,0.27
9.9,15.8,5748.37,36.1,7.3,27.3,0.412
9.7,7.3,1328.76,39.5,8.0,44.9,0.023
0.7,2.3,220.23,30.4,0.0,24.7,0.099
12.7,23.3,5701.1,47.5,8.6,37.4,0.5
13.0,23.2,6309.56,41.6,8.0,33.6,0.365
2.7,12.9,3086.92,8.9,7.3,6.0,0.364
7.2,4.4,1331.41,26.2,5.8,37.7,0.007
13.5,18.1,5456.34,52.0,10.5,42.2,0.078
2.1,2.7,434.61,52.6,2.8,34.9,0.312
7.5,6.5,1664.09,23.5,6.2,29.0,0.204
8.0,5.0,1312.78,35.1,6.8,37.8,0.0
0.3,2.4,343.38,29.8,0.0,28.1,0.205
14.7,24.9,6537.9,54.7,10.1,44.6,0.236
0.6,1.4,301.37,38.7,1.1,23.2,0.203
10.0,17.0,5503.03,45.0,8.3,38.3,0.101
3.6,17.9,2779.03,8.6,7.9,10.7,0.5
1.1,1.0,316.74,44.4,2.2,34.1,0.304
2.8,16.6,3571.0,8.7,7.1,11.5,0.0
0.9,1.9,483.48,32.4,1.2,19.8,0.174
2.2,2.1,456.6,49.9,2.8,29.3,0.21
1.7,2.4,335.42,49.5,2.7,31.4,0.262
3.5,20.0,2530.52,6.5,8.4,17.2,0.202
5.0,3.0,1176.87,16.7,3.7,34.8,0.194
4.2,16.8,3795.43,10.3,8.6,8.9,0.429
7.7,4.5,1320.99,25.0,5.9,28.3,0.04
5.8,5.5,981.18,19.3,5.0,30.5,0.139
14.1,18.3,5771.46,36.0,7.6,30.9,0.261
0.9,2.2,389.21,41.2,2.0,25.9,0.252
0.4,3.4,427.39,29.7,0.0,19.7,0.221
15.0,22.9,6011.82,53.4,11.0,41.4,0.179
5.1,5.2,700.51,20.5,6.1,31.5,0.063
0.6,1.1,175.57,29.0,1.0,17.9,0.102
10.5,16.8,6321.91,49.3,9.3,43.1,0.029
7.6,5.2,1355.18,23.2,4.6,33.5,0.084
6.0,4.4,1333.38,22.9,5.3,32.6,0.128
5.6,4.0,1188.34,22.7,5.4,25.9,0.074
8.4,4.3,1501.25,32.1,6.4,45.2,0.009
9.1,17.0,5191.44,48.5,10.3,36.7,0.0
2.2,2.7,397.85,48.5,2.7,22.9,0.062
8.9,18.1,5744.33,38.4,6.6,33.9,0.432
2.2,2.5,242.5,46.7,2.7,27.6,0.132
9.0,5.1,1704.45,30.9,5.6,32.0,0.276
6.4,4.2,1278.58,26.9,6.4,44.2,0.0
4.5,19.0,3022.84,11.0,8.4,13.8,0.5
6.6,6.3,899.93,26.4,5.2,28.3,0.167
7.8,6.0,1292.17,35.2,6.2,44.1,0.16
9.4,4.4,1536.94,25.3,5.3,32.0,0.0
11.4,22.3,6286.66,46.2,9.1,33.9,0.365
2.7,15.2,3768.54,2.0,5.1,3.9,0.0
0.4,1.8,316.55,32.7,0.0,27.9,0.246
13.4,21.7,5612.42,55.2,10.3,49.3,0.0
1.5,3.5,387.72,31.3,0.1,29.5,0.176
6.5,4.5,1417.76,21.4,3.3,14.6,0.283
7.8,6.0,1366.76,33.4,6.4,45.9,0.209
6.5,4.2,1268.15,19.1,4.4,32.4,0.296
6.9,5.0,1235.83,25.6,5.6,28.3,0.022
2.6,4.3,549.67,51.0,1.5,30.7,0.18
3.1,14.6,3361.54,11.0,7.9,9.8,0.195
5.9,3.7,1268.59,22.7,4.9,31.8,0.085
11.7,17.7,6100.27,49.7,9.7,41.6,0.0
3.2,14.4,3067.09,16.1,9.4,14.5,0.5
6.2,3.8,1173.21,24.2,5.8,33.1,0.001
9.6,16.3,6403.09,45.2,8.3,40.6,0.226
11.6,17.1,6216.73,52.0,10.9,44.7,0.0
1.7,2.3,271.08,54.9,3.1,33.3,0.423
1.6,1.4,471.61,30.8,0.9,26.1,0.156
12.0,20.0,5539.8,50.1,9.4,37.7,0.224
11.8,19.2,5395.83,44.6,9.0,30.3,0.383
3.4,17.0,2962.29,11.5,7.6,7.0,0.166
3.3,3.1,840.76,20.4,3.1,27.6,0.179
3.7,17.0,3951.31,10.8,9.0,19.0,0.214
5.3,4.3,1061.48,22.9,4.3,23.5,0.105
1.4,1.3,340.23,49.0,2.8,31.5,0.255
4.1,16.5,3339.61,9.7,8.8,11.6,0.298
0.2,1.0,222.15,27.4,0.0,19.3,0.108
6.2,3.7,1282.3,25.8,3.7,33.0,0.181
6.5,4.0,1168.42,24.6,4.7,41.3,0.093
11.3,19.4,5978.43,57.5,12.2,43.5,0.009
7.5,17.6,5221.56,37.2,7.8,26.2,0.38
4.4,3.1,1059.96,13.2,3.4,16.1,0.195
0.9,2.9,462.66,42.7,0.5,36.3,0.272
2.4,14.9,2606.36,12.4,7.7,6.2,0.0
0.2,1.0,235.3,32.5,0.6,28.3,0.179
0.5,1.5,231.72,30.3,0.0,17.5,0.051
0.2,2.1,355.87,33.0,0.5,28.4,0.272
6.1,3.1,1132.3,28.8,6.2,37.2,0.0
3.7,17.8,3121.69,12.1,7.9,9.5,0.291
9.4,7.4,1326.63,28.4,7.1,30.5,0.107
0.6,2.7,382.59,31.0,0.0,17.4,0.048
8.7,5.5,1523.33,26.2,5.6,34.8,0.054
15.9,24.8,6633.46,54.6,11.5,39.8,0.0
1.1,2.0,211.53,43.3,1.5,28.8,0.3
0.8,2.8,339.23,28.2,0.0,23.1,0.149
9.7,6.2,1468.96,33.4,6.4,34.5,0.015
13.0,23.5,7891.76,51.4,9.5,47.1,0.0
5.2,4.5,970.07,26.9,5.5,26.8,0.224
1.9,2.9,404.45,51.1,2.2,35.2,0.252
5.1,3.7,1123.52,14.9,4.3,29.3,0.136
1.1,2.1,310.34,45.5,0.4,32.1,0.166
8.6,5.3,1519.55,30.9,6.0,34.8,0.171
12.0,20.8,5833.94,49.4,10.1,36.9,0.13
7.2,4.6,1453.89,28.7,4.6,32.5,0.228
1.1,2.4,377.32,52.3,1.2,31.7,0.321
3.1,16.1,2658.75,13.3,8.3,6.5,0.037
12.7,19.7,5930.83,44.5,9.3,34.4,0.0
11.0,17.4,5627.93,46.8,9.0,38.7,0.075
2.4,16.0,2602.36,17.1,10.2,20.9,0.21
1.8,14.2,2564.98,6.3,5.6,3.0,0.0
14.3,21.3,5881.96,52.5,10.4,43.4,0.154
0.2,1.8,214.93,28.2,0.4,14.6,0.147
1.5,2.4,332.84,59.2,1.6,41.1,0.209
1.1,2.5,273.82,48.2,1.9,26.4,0.292
3.1,13.5,2737.6,10.0,9.0,18.0,0.5
0.8,1.7,389.24,29.0,0.3,20.5,0.04
0.2,1.9,374.47,30.6,0.0,25.3,0.112
9.5,14.2,4991.54,56.0,10.7,44.6,0.0
5.2,4.4,1204.13,20.3,4.4,33.0,0.23
12.0,22.1,5489.51,56.7,12.2,45.7,0.0
1.3,2.8,249.28,36.3,0.0,28.7,0.144
1.7,3.0,305.91,41.6,1.5,23.7,0.204
1.6,9.4,2329.35,10.5,7.4,10.7,0.202
2.0,2.7,459.98,49.7,2.4,27.4,0.314
2.0,2.6,305.86,37.2,0.9,26.2,0.088
6.3,3.2,1470.02,20.4,3.8,22.3,0.057
5.2,3.1,1382.19,18.0,3.5,27.8,0.211
8.0,17.7,6083.18,44.5,9.8,34.1,0.101
3.4,15.0,3228.31,15.3,10.6,18.2,0.5
5.6,3.3,1264.12,20.2,3.6,22.3,0.173
7.5,6.1,1245.78,26.8,6.2,40.2,0.08
6.4,4.7,1430.41,26.9,4.4,31.3,0.293
2.9,14.4,2916.16,6.0,7.2,11.6,0.202
1.5,3.2,338.24,36.6,0.7,24.5,0.216
2.5,2.2,468.09,46.6,2.3,31.3,0.298
1.4,3.2,391.41,38.2,0.0,26.4,0.131
2.5,12.5,2675.73,10.7,6.3,11.4,0.5
12.2,21.6,6791.57,38.8,7.9,32.2,0.264
6.9,5.6,1354.55,25.2,4.1,25.9,0.202
12.3,19.9,6544.63,41.0,8.9,29.6,0.177
0.4,2.0,333.15,34.8,0.6,21.3,0.214
13.1,22.6,6045.25,60.7,11.7,51.6,0.0
2.0,2.6,476.71,49.9,2.2,33.1,0.272
1.5,11.1,2688.63,3.3,5.5,11.3,0.0
1.1,2.6,319.36,37.2,0.7,24.6,0.243
5.3,3.9,1028.67,24.1,4.2,28.4,0.156
1.2,2.3,335.18,54.1,1.9,38.8,0.343
0.2,1.0,227.29,49.5,1.9,36.9,0.355
2.9,14.0,2349.89,20.1,11.2,20.2,0.5
2.3,11.9,2295.29,5.5,7.3,14.3,0.5
2.5,14.0,2673.04,20.2,9.9,15.3,0.132
8.3,5.7,1251.77,29.2,5.7,30.7,0.06
2.8,16.5,2731.0,9.6,7.7,6.2,0.199
2.0,2.2,385.29,46.4,1.8,29.3,0.177
9.0,17.7,5735.41,40.9,8.5,27.9,0.329
1.3,2.7,373.22,44.3,0.0,29.8,0.132
10.9,16.8,5102.16,50.2,9.5,47.4,0.143
1.9,3.1,225.96,48.6,1.6,29.2,0.198
0.6,2.9,362.26,33.5,0.0,24.5,0.177
2.4,15.6,2550.62,10.9,8.2,14.9,0.312
11.1,18.6,5460.27,43.6,8.6,33.9,0.302
14.8,23.1,6511.32,55.4,11.4,42.5,0.016
2.1,13.5,2279.94,6.3,6.8,11.1,0.173
13.3,21.1,5650.57,49.2,10.3,35.8,0.104
7.2,4.5,1319.54,25.8,4.8,29.0,0.144
0.8,3.3,467.16,38.0,0.0,31.6,0.188
11.1,19.0,6083.02,49.8,10.3,39.5,0.117
0.2,2.0,293.18,27.8,0.0,18.0,0.25
1.4,2.5,418.79,46.4,0.7,32.7,0.176
5.1,4.6,1028.6,24.8,4.2,31.9,0.222
6.3,4.5,1084.51,29.5,4.3,29.3,0.233
10.9,17.5,5831.07,43.1,8.1,40.1,0.022
5.7,4.4,865.69,28.8,4.6,34.9,0.178
7.0,4.0,1299.5,18.4,4.3,32.4,0.175
0.4,8.2,1515.26,2.4,4.4,5.5,0.188
9.7,17.2,6427.83,37.9,7.9,27.3,0.207
5.8,2.5,1271.66,16.0,4.2,16.8,0.14
3.8,17.0,3700.04,3.5,6.9,5.6,0.258
7.7,5.4,1474.4,22.2,4.8,22.0,0.294
14.0,20.7,5435.44,59.4,11.8,46.2,0.0
0.2,1.8,368.16,31.0,0.0,28.0,0.271
2.0,13.6,2306.52,7.3,7.0,5.2,0.0
2.2,2.8,446.54,40.0,1.6,26.8,0.083
5.9,3.7,934.86,31.3,6.3,37.7,0.0
13.0,16.3,6412.76,52.4,9.4,46.4,0.0
2.7,12.7,3455.82,5.6,5.9,9.6,0.389
4.1,5.2,738.41,23.6,4.1,31.9,0.442
13.3,22.3,6988.23,57.8,11.4,42.0,0.051
5.5,4.4,990.61,21.2,5.3,36.1,0.0
6.2,5.9,1166.87,28.6,7.0,40.5,0.101
3.3,16.8,2893.62,12.7,8.2,14.0,0.426
1.8,3.8,465.51,34.7,0.5,21.8,0.014
11.0,16.7,5569.08,46.4,9.7,36.8,0.0
11.2,20.0,6686.75,44.1,7.7,38.7,0.424
2.8,13.2,2716.39,12.0,8.1,14.0,0.5
13.5,20.4,6720.28,42.4,7.9,34.4,0.316
0.7,1.1,279.36,37.7,1.8,28.3,0.211
2.2,9.5,2931.96,7.5,7.0,12.1,0.5
9.9,22.5,5476.84,51.1,10.8,36.5,0.196
3.1,16.6,3407.79,13.2,8.5,12.9,0.0
5.6,3.7,1038.37,26.4,6.3,37.1,0.0
0.3,2.3,338.35,36.1,0.7,28.6,0.141
15.8,20.6,7139.68,48.8,10.2,35.7,0.1
4.1,2.5,959.92,17.6,4.3,34.9,0.1
8.3,5.4,1481.08,30.5,6.3,37.8,0.004
5.6,2.4,1126.93,23.1,3.9,33.6,0.112
9.0,6.1,1590.27,35.6,6.8,37.6,0.091
9.7,5.6,1698.61,35.7,6.8,35.2,0.0
6.6,5.9,1435.94,19.1,4.8,25.4,0.227
2.4,14.6,3323.28,7.9,6.8,8.2,0.07
2.3,4.1,423.1,53.1,2.0,36.4,0.414
4.3,19.5,3379.21,12.4,9.8,17.2,0.109
4.9,3.2,1071.19,18.9,4.0,35.1,0.086
10.2,17.4,6142.8,48.7,8.9,41.8,0.108
1.1,1.9,299.71,55.4,2.7,37.0,0.396
0.9,3.7,255.74,35.9,0.3,26.4,0.177
5.7,5.2,1070.7,22.6,4.9,34.7,0.127
12.6,24.0,6841.36,54.2,10.4,40.2,0.251
9.6,16.8,6772.15,48.3,9.7,41.9,0.0
10.7,21.2,6143.24,49.2,10.2,35.3,0.168
0.7,1.8,247.15,44.1,1.9,28.4,0.191
6.0,5.0,1103.81,23.6,6.3,33.9,0.091
9.4,16.1,5608.46,33.8,7.9,25.3,0.23
14.0,21.6,5993.5,58.0,11.6,45.9,0.021
6.3,4.8,1198.41,25.7,6.0,34.1,0.173
8.2,15.7,5920.12,34.2,7.1,28.2,0.228
8.1,4.3,1408.05,27.6,4.7,25.6,0.058
1.7,1.2,215.35,41.1,1.6,22.7,0.248
2.1,2.7,468.93,60.0,3.4,34.2,0.301
2.2,15.0,2799.44,5.6,5.3,3.0,0.0
5.9,4.1,1109.85,15.7,4.4,29.6,0.159
2.0,3.4,433.37,45.0,1.0,26.7,0.202
1.6,2.2,375.22,44.1,1.6,29.3,0.246
2.8,11.1,3025.86,16.3,9.0,13.1,0.5
6.2,3.0,1346.63,22.9,4.1,25.5,0.06
0.6,1.7,357.92,25.7,0.0,21.3,0.119
13.1,23.2,6405.72,49.2,10.0,33.6,0.405
6.2,3.3,1351.81,18.4,3.8,26.4,0.177
2.1,2.9,335.02,55.9,2.3,36.7,0.237
12.5,18.2,7151.47,47.2,9.8,42.9,0.0
6.5,5.5,1329.97,25.2,5.5,31.9,0.218
2.9,15.4,3495.6,10.4,9.6,17.7,0.097
5.9,3.8,1119.18,22.7,3.9,27.3,0.163
0.9,2.4,289.51,42.2,1.4,28.8,0.3
0.5,3.5,401.39,45.8,0.1,28.6,0.34
9.4,17.6,5945.51,54.9,8.7,52.6,0.25
0.7,2.0,326.7,35.9,1.2,21.2,0.255
1.4,2.9,449.64,44.1,1.0,33.5,0.169
2.0,3.2,520.73,31.1,0.0,28.7,0.073
11.5,20.6,6442.55,49.0,10.1,39.1,0.096
11.4,18.7,6155.19,55.8,11.1,46.2,0.0
11.1,22.8,5336.19,54.7,10.7,40.6,0.038
5.2,2.0,949.42,23.9,4.2,35.4,0.0
3.9,3.1,930.99,21.2,4.4,30.3,0.15
1.1,2.5,290.85,41.5,1.0,25.0,0.169
10.9,19.1,6322.56,51.8,10.4,43.6,0.03
1.7,1.4,381.74,28.8,0.9,21.1,0.027
0.5,2.5,196.62,41.0,1.3,24.9,0.046
3.6,16.8,2890.1,18.7,10.7,15.4,0.314
3.6,15.4,3470.76,15.1,9.8,19.0,0.5
1.0,2.6,517.0,33.3,0.3,26.0,0.206
1.0,2.8,381.51,31.3,0.0,22.9,0.111
15.5,22.7,6263.95,53.0,10.7,41.2,0.183
1.5,4.0,348.96,34.6,0.0,27.8,0.132
2.7,14.3,3009.84,9.1,7.9,15.6,0.5
0.2,3.1,276.82,46.8,0.8,30.9,0.301
0.2,1.0,113.19,36.2,0.6,31.0,0.238
1.7,3.8,492.37,37.0,0.7,24.6,0.121
0.7,1.4,220.43,40.9,1.7,23.1,0.188
2.8,14.3,2754.14,5.9,6.8,9.1,0.36
4.9,3.2,769.01,21.6,5.2,34.5,0.022
4.5,12.9,5354.08,32.6,6.9,26.8,0.266
9.6,19.6,6364.88,42.6,7.1,37.1,0.5
15.8,23.2,6958.06,55.6,11.4,42.6,0.002
2.3,3.2,416.87,48.8,1.0,36.5,0.262
6.4,5.6,1185.43,24.0,5.5,31.8,0.211
1.6,11.0,2802.69,7.8,6.9,11.5,0.441
14.8,23.1,5904.88,48.6,9.8,34.9,0.282
6.2,4.1,1029.99,23.0,4.4,28.9,0.049
13.4,16.4,5531.45,53.8,10.9,42.6,0.0
8.7,4.8,1406.37,31.4,6.2,32.2,0.0
6.2,3.6,1334.52,19.3,5.3,35.0,0.0
11.6,20.9,7115.06,49.2,10.3,39.2,0.0
9.9,7.0,1555.84,31.2,6.6,37.1,0.015
1.2,2.4,440.89,44.0,0.4,33.1,0.326
14.4,22.5,5567.64,61.1,12.4,46.7,0.119
11.3,17.6,5602.6,48.3,9.8,41.4,0.0
3.0,14.8,3163.81,14.9,8.7,14.2,0.325
12.3,20.7,6395.17,51.7,10.4,38.6,0.189
12.6,20.3,5563.78,53.4,10.3,42.6,0.195
2.1,3.9,465.59,35.4,0.2,22.8,0.079
14.7,23.6,6632.0,55.4,11.0,42.9,0.157
9.8,20.9,4382.03,50.7,10.4,43.1,0.0
3.8,16.1,3303.75,13.0,9.0,15.4,0.5
1.5,2.9,246.89,40.3,1.7,29.4,0.195
6.4,4.2,1118.67,27.3,5.9,31.2,0.0
1.4,1.5,446.64,41.1,1.8,24.5,0.169
0.2,2.3,415.59,38.8,0.6,28.2,0.331
2.2,3.3,473.37,36.2,0.2,30.3,0.243
8.0,5.2,1345.62,24.9,5.9,29.6,0.005
10.0,17.5,4815.24,38.1,7.7,33.5,0.198
5.5,4.9,1068.45,21.0,5.6,34.5,0.142
0.2,1.4,278.63,42.1,0.6,34.2,0.238
8.7,6.4,1365.56,33.7,7.0,43.3,0.05
1.7,13.2,2786.16,13.4,8.3,14.8,0.062
6.2,3.0,1031.04,28.2,4.0,29.0,0.057
2.2,4.0,527.04,36.6,0.9,20.5,0.179
1.7,2.7,588.04,40.8,1.7,22.5,0.177
1.4,3.5,293.14,32.4,0.4,17.7,0.0
8.7,16.8,4696.71,33.1,7.2,28.3,0.356
0.8,2.4,278.03,38.7,0.3,27.6,0.198
9.9,16.3,6155.43,49.2,9.3,46.9,0.0
8.2,4.4,1313.09,29.4,5.7,33.4,0.049
12.3,21.7,6034.72,47.9,9.6,37.7,0.213
2.7,3.0,429.15,48.7,2.1,33.8,0.203
14.9,19.7,6161.24,51.4,10.4,40.5,0.148
0.2,1.2,216.95,36.1,0.0,30.6,0.229
1.1,2.9,336.03,36.8,0.7,30.7,0.305
7.1,3.7,1119.31,25.9,6.8,38.8,0.0
1.0,2.1,316.42,39.7,0.7,33.3,0.146
12.7,22.2,5552.36,53.8,9.9,42.9,0.337
12.6,22.6,5774.18,55.8,11.5,43.0,0.093
10.0,19.4,4865.01,52.4,11.4,42.0,0.0
12.5,22.6,6139.92,52.1,10.0,42.0,0.216
12.0,19.9,5563.5,52.8,10.2,41.8,0.13
8.1,4.9,1558.61,27.5,6.2,35.4,0.012
15.4,25.0,5635.34,49.7,10.3,32.8,0.5
2.5,11.7,2999.74,9.9,6.7,10.7,0.5
0.3,2.4,409.85,29.4,0.3,19.3,0.157
13.2,19.1,6096.44,46.6,9.2,32.9,0.249
11.9,21.5,5716.85,46.0,9.6,33.1,0.123
6.4,4.1,1112.71,31.5,6.2,36.8,0.028
5.9,2.8,1268.81,23.9,5.0,36.5,0.115
10.6,20.7,5244.15,59.9,11.3,50.7,0.018
9.4,19.1,5816.77,34.9,7.5,24.1,0.5
1.9,10.0,3023.39,11.1,8.5,18.0,0.272
3.0,4.3,474.3,55.1,3.0,38.6,0.411
8.1,5.4,1377.04,28.9,5.5,28.6,0.124
0.6,1.8,348.27,41.2,0.5,32.2,0.378
6.3,5.1,1208.83,27.3,6.2,36.4,0.0
15.2,23.9,5361.31,56.4,10.5,40.5,0.163
16.1,26.0,6666.37,59.0,11.4,47.4,0.117
7.0,4.3,1101.74,25.4,6.4,33.9,0.0
0.9,1.6,321.25,38.5,0.6,21.3,0.126
7.9,4.8,1264.17,35.0,6.0,38.5,0.003
0.2,3.0,505.66,21.7,0.0,21.1,0.09
8.4,15.5,5195.82,42.5,7.9,35.9,0.186
3.1,13.7,2972.28,8.6,8.0,11.0,0.303
7.0,4.1,1426.06,18.4,4.8,35.8,0.042
1.3,2.4,327.61,33.7,0.0,24.5,0.055
11.7,19.0,6023.83,41.4,8.5,32.6,0.218
14.2,22.2,6608.88,53.0,10.8,41.0,0.003
10.6,16.8,5937.2,41.5,8.1,38.4,0.19
2.8,12.7,2837.82,12.6,9.5,18.2,0.42
1.6,1.8,298.92,47.0,2.8,24.8,0.231
5.6,4.6,1362.93,24.1,4.5,21.2,0.358
3.1,16.1,3705.41,15.0,8.9,6.9,0.0
0.9,2.0,407.54,28.7,0.0,13.9,0.0
1.5,2.6,357.73,43.7,1.2,31.2,0.211
7.3,4.0,1354.34,26.0,5.4,36.4,0.105
7.9,5.1,1343.37,29.3,7.2,46.6,0.008
8.3,18.7,5604.42,41.9,8.0,34.8,0.383
11.2,24.3,5729.1,51.2,10.3,40.1,0.158
2.3,3.5,342.48,63.5,3.4,42.1,0.384
12.0,21.5,6259.8,58.9,12.1,47.8,0.0
1.8,3.2,376.27,53.1,2.5,23.5,0.264
15.1,24.0,5326.11,52.7,10.1,42.0,0.142
1.6,2.6,385.4,41.0,1.5,22.2,0.229
6.8,3.7,1081.5,24.0,4.5,28.6,0.0
12.4,21.4,5265.14,55.6,10.8,45.8,0.0
2.3,3.9,597.77,43.5,0.9,21.8,0.228
1.9,12.5,2223.32,7.6,7.1,12.4,0.235
11.0,18.3,5874.72,50.8,9.9,41.4,0.142
12.2,21.7,5863.1,47.1,7.8,42.4,0.422
2.5,4.0,414.5,46.4,0.9,28.3,0.186
3.6,2.5,517.99,57.1,3.5,36.6,0.204
5.3,5.1,1009.65,29.8,5.1,36.1,0.226
7.2,3.3,1198.23,26.1,6.1,33.1,0.0
3.6,15.6,3166.52,9.9,8.5,14.9,0.255
2.7,4.2,538.87,48.1,2.6,29.4,0.239
13.8,22.3,5685.84,50.1,9.7,40.6,0.085
1.8,2.5,418.0,43.8,3.5,19.3,0.208
1.1,2.9,354.63,44.9,0.4,33.4,0.275
0.3,1.7,446.14,19.4,0.0,20.3,0.075
3.1,3.4,512.05,37.2,1.1,26.0,0.044
15.5,21.7,5475.39,65.9,13.2,54.5,0.0
2.2,4.4,519.9,49.4,2.0,32.7,0.238
7.8,5.3,1409.24,24.7,5.7,29.3,0.196
1.7,14.0,2363.54,10.0,6.0,12.0,0.205
1.9,3.3,395.59,39.5,1.6,24.7,0.092
7.5,4.3,1339.89,25.2,5.8,31.2,0.0
3.4,15.9,2700.7,5.0,6.9,9.4,0.5
1.6,1.8,303.92,40.7,1.3,26.6,0.127
2.6,4.0,468.0,44.4,1.4,36.6,0.242
0.9,1.7,222.79,37.0,1.6,22.3,0.176
7.6,16.4,5398.25,50.9,9.6,44.2,0.03
3.9,17.2,4010.04,6.1,7.5,12.2,0.391
0.2,1.0,146.89,18.5,0.0,15.6,0.0
0.8,2.0,350.01,47.0,1.3,36.3,0.278
12.2,20.8,6341.36,57.9,11.0,44.3,0.013
5.7,4.3,935.88,29.4,5.4,34.7,0.136
1.8,2.4,403.09,44.5,2.2,25.2,0.186
5.9,3.4,1108.61,16.0,3.5,20.4,0.282
13.0,17.7,5049.82,51.0,11.1,34.5,0.0
5.7,5.3,926.38,26.0,4.9,28.6,0.141
0.4,1.0,191.99,51.9,2.5,36.8,0.467
16.4,25.6,6472.52,70.0,13.7,55.7,0.0
11.2,19.6,5874.82,54.6,10.9,44.9,0.0
0.2,2.3,334.06,24.6,0.0,23.2,0.065
12.9,22.8,6719.53,52.2,9.9,42.5,0.187
2.0,3.6,407.1,29.3,0.0,12.1,0.0
0.5,2.1,421.23,22.9,0.8,15.4,0.14
2.9,16.6,2800.1,10.6,9.1,15.7,0.0
0.2,1.5,393.38,24.3,0.0,22.7,0.097
1.7,3.6,409.04,40.0,1.2,19.9,0.173
0.2,2.1,380.36,34.5,0.2,27.4,0.314
12.6,23.3,6756.56,46.4,10.0,32.8,0.268
6.6,4.0,1320.58,25.3,5.0,28.9,0.156
5.9,4.7,1239.18,20.9,4.7,26.3,0.216
11.6,22.2,6921.83,52.9,9.3,44.5,0.25
6.1,3.7,1132.5,25.5,3.7,33.7,0.121
8.6,18.2,5062.95,32.5,6.2,26.7,0.5
4.3,2.6,770.8,23.4,4.5,43.8,0.085
5.2,4.9,1093.84,27.4,5.4,35.3,0.313
2.9,12.8,2845.48,8.6,7.0,12.3,0.5
1.2,2.5,247.85,35.5,0.6,26.1,0.07
7.5,5.8,1410.04,27.0,4.9,25.4,0.294
0.8,2.6,389.07,26.6,0.0,17.1,0.057
5.1,22.2,3654.97,12.1,9.0,13.3,0.419
0.2,1.1,190.32,25.3,0.0,15.5,0.094
7.9,4.7,1282.67,29.7,4.3,28.9,0.06
7.4,4.5,1212.22,21.2,5.4,30.3,0.155
7.1,3.7,1399.05,29.4,5.5,25.6,0.015
4.0,15.7,2362.36,14.5,9.7,15.8,0.5
8.6,6.4,1455.64,25.1,5.4,40.7,0.112
7.5,4.5,1317.83,34.3,6.1,39.4,0.013
6.7,4.4,1351.88,34.2,6.7,41.3,0.009
2.9,3.4,520.46,48.7,2.1,31.7,0.227
5.3,3.3,1006.46,24.8,3.5,22.9,0.22
0.2,1.3,292.9,33.1,0.4,23.6,0.189
0.8,2.0,379.67,46.4,2.1,31.0,0.283
2.3,3.1,215.35,42.2,0.8,31.9,0.108
0.2,2.6,194.25,43.5,0.0,36.6,0.479
9.5,17.9,6394.88,53.1,11.4,41.0,0.0
6.1,3.8,1192.92,17.3,5.2,31.9,0.121
1.3,2.0,401.27,31.8,0.6,21.3,0.113
12.6,19.6,5784.94,46.7,9.4,33.9,0.33
5.6,3.0,1325.85,26.0,5.2,32.5,0.003
5.0,2.6,1109.89,24.8,3.6,31.3,0.128
7.7,4.6,1175.29,24.6,5.0,33.1,0.124
0.3,1.5,412.89,42.5,0.9,28.0,0.204
7.5,4.1,1217.69,29.6,5.2,32.6,0.0
1.5,2.4,343.28,46.5,1.2,27.6,0.093
1.1,2.4,230.17,36.7,0.4,27.2,0.235
0.4,2.8,325.7,28.3,0.0,27.2,0.26
1.1,2.5,392.47,32.6,0.5,21.2,0.041
0.3,1.2,223.74,37.1,0.6,27.7,0.241
1.5,2.9,356.32,45.8,1.9,26.3,0.204
0.2,1.7,335.04,30.1,0.0,19.2,0.175
3.0,14.8,2539.75,10.4,6.7,3.0,0.254
0.2,1.6,293.68,41.5,1.7,24.9,0.268
6.9,4.8,1229.85,29.2,6.2,41.1,0.116
11.1,17.8,5839.1,47.0,9.7,38.0,0.09
0.7,1.7,389.75,45.8,1.5,27.7,0.289
5.9,4.3,1221.02,22.7,4.5,28.7,0.21
0.8,1.8,340.08,32.5,1.4,16.1,0.191
4.8,2.6,945.5,22.2,5.1,31.6,0.0
0.2,1.6,275.43,26.2,0.0,18.1,0.107
11.8,19.2,5217.1,60.6,11.5,50.9,0.0
10.4,16.0,4810.23,56.7,9.9,52.8,0.0
2.8,4.5,442.77,46.0,1.1,30.5,0.191
4.9,3.8,1108.04,22.7,3.2,20.5,0.259
0.9,2.5,189.77,28.0,0.1,27.0,0.252
6.4,4.2,1096.65,24.0,5.7,40.2,0.035
2.7,3.0,528.19,38.7,2.4,15.4,0.0
9.8,7.8,1566.28,34.8,6.9,35.5,0.0
1.9,8.6,2357.97,9.1,7.8,13.7,0.5
10.9,18.1,6211.31,44.7,8.9,38.3,0.149
10.4,18.2,4727.35,39.5,7.9,32.3,0.342
0.3,1.7,241.49,36.6,0.7,27.4,0.318
8.7,5.9,1400.66,31.3,5.8,31.3,0.139
3.3,3.1,580.33,25.4,4.2,30.5,0.175
3.1,17.3,3001.44,18.4,9.4,11.4,0.0
5.7,3.3,1104.97,23.0,4.0,33.1,0.243
2.2,3.2,449.56,52.4,2.0,37.6,0.159
1.3,2.3,465.06,37.7,0.3,29.4,0.156
0.2,1.3,305.0,27.3,0.0,17.8,0.071
5.8,4.0,1041.61,29.5,4.0,32.9,0.233
12.1,17.2,5969.1,49.1,10.6,40.6,0.0
0.3,1.1,255.61,31.4,0.0,18.9,0.086
10.2,19.8,4967.54,59.3,10.7,49.3,0.0
6.1,3.7,1063.35,26.8,4.7,31.0,0.0
12.6,19.1,7070.44,40.0,7.7,30.7,0.305
2.8,13.2,3262.35,4.6,7.7,11.0,0.355
1.5,2.2,334.98,38.7,1.0,25.5,0.244
6.8,3.6,1355.65,25.8,4.9,22.6,0.103
0.8,2.5,344.99,30.6,0.0,22.2,0.146
3.8,17.1,3081.81,13.6,8.4,3.0,0.323
1.3,3.8,388.42,42.2,1.2,26.1,0.096
2.1,2.9,326.05,56.2,1.9,37.7,0.339
3.5,16.8,2789.09,5.2,6.7,3.5,0.276
3.7,17.9,3736.61,6.4,8.3,12.9,0.199
7.7,5.6,1307.06,29.3,5.1,25.2,0.198
13.9,22.2,6338.83,61.6,11.1,54.8,0.0
0.3,1.9,368.97,31.9,0.0,25.3,0.242
11.4,19.8,6559.01,50.7,10.6,38.5,0.0
0.7,1.3,237.07,40.2,0.4,26.6,0.086
2.3,3.1,445.47,49.2,2.3,27.0,0.131
3.3,17.0,3774.61,8.4,6.6,3.5,0.324
5.0,4.0,1200.37,28.4,4.1,20.8,0.24
14.5,23.1,6993.25,61.1,12.8,45.1,0.0
0.7,1.6,297.62,42.8,0.9,33.0,0.401
1.5,2.4,326.95,39.1,1.7,25.4,0.097
0.9,2.8,192.96,44.9,0.6,27.7,0.264
0.2,1.0,257.66,31.4,0.2,14.6,0.046
5.0,2.7,1112.16,19.9,3.0,24.9,0.341
8.7,5.6,1455.21,31.8,6.6,39.2,0.0
7.5,5.5,1333.15,24.3,4.7,30.1,0.274
1.5,2.9,437.71,35.6,1.4,27.5,0.285
1.5,2.8,350.96,49.5,2.1,32.9,0.231
6.7,4.2,1153.67,17.7,5.4,27.1,0.059
6.4,3.9,1393.15,26.6,5.6,36.6,0.091
6.0,6.1,937.94,27.6,4.8,30.3,0.298
12.5,20.3,4695.52,55.1,10.7,47.0,0.126
6.1,4.4,1062.14,26.3,5.2,36.0,0.073
6.2,26.3,4455.87,16.2,10.9,18.8,0.359
1.0,2.9,465.31,39.6,0.3,40.0,0.323
2.4,4.8,360.22,44.4,1.7,29.5,0.257
1.2,2.2,326.69,39.0,0.9,25.2,0.117
1.7,3.2,343.51,44.4,1.6,33.5,0.374
1.5,3.3,377.72,53.4,0.8,32.9,0.196
6.3,2.7,1303.29,30.6,6.0,37.4,0.0
2.3,3.2,460.69,32.9,0.6,24.1,0.064
1.7,2.8,454.8,51.4,1.5,30.1,0.227
11.7,18.4,5688.0,46.5,8.9,40.6,0.0
0.2,1.8,264.66,37.3,0.7,33.6,0.278
5.6,3.0,1098.8,20.9,2.6,22.5,0.027
1.6,2.8,361.22,47.2,1.4,26.0,0.252
2.0,3.7,371.8,48.9,1.6,39.0,0.385
5.6,2.3,1141.76,26.0,4.4,34.4,0.069
6.6,4.8,1111.93,32.2,6.4,39.4,0.044
2.0,3.9,353.27,55.1,1.9,35.8,0.357
0.9,1.0,296.04,52.3,2.5,28.5,0.292
2.1,11.6,2663.53,7.7,8.0,11.3,0.5
2.3,1.9,279.73,51.9,1.9,35.5,0.222
6.1,3.0,1204.65,23.6,4.1,22.6,0.28
1.1,2.5,298.81,31.1,0.4,25.1,0.283
6.9,4.8,1172.68,22.4,4.8,33.3,0.153
7.5,5.7,1338.45,26.2,5.2,37.4,0.129
6.7,3.1,1120.37,22.6,5.6,33.6,0.001
5.6,4.4,1004.95,25.2,5.3,26.3,0.152
12.7,18.9,5386.87,43.3,8.5,39.2,0.068
15.9,23.8,7141.47,64.1,12.8,52.2,0.0
1.9,2.0,361.64,57.1,2.9,35.1,0.235
6.1,4.8,1109.82,28.3,6.4,44.7,0.024
11.6,18.9,5481.17,50.5,10.3,38.5,0.154
8.7,19.3,6055.89,27.7,5.0,25.6,0.5
0.3,1.9,337.7,42.0,1.0,31.5,0.262
2.1,12.8,2649.52,8.0,7.5,5.2,0.0
1.0,2.0,251.9,55.5,2.3,37.4,0.425
0.6,2.8,355.26,37.1,0.5,26.6,0.226
5.6,5.2,1041.23,24.7,5.9,33.6,0.145
9.9,12.6,5566.14,40.0,8.0,34.8,0.024
2.4,4.2,510.05,34.1,0.2,14.4,0.0
6.9,4.6,1379.1,29.0,4.0,21.5,0.179
1.2,2.9,351.11,49.2,1.9,30.3,0.209
2.0,12.4,2825.1,6.1,6.0,8.6,0.026
14.5,20.2,5761.5,51.0,11.2,38.0,0.05
6.3,14.1,4657.86,38.7,7.2,34.1,0.213
2.4,11.9,2346.7,4.7,6.6,6.6,0.414
7.2,5.3,1335.75,38.6,8.2,47.4,0.0
1.6,12.8,2962.82,2.0,4.2,3.0,0.0
0.9,3.7,357.97,27.7,0.0,22.5,0.092
8.8,5.4,1251.57,25.5,6.4,36.8,0.0
0.2,1.0,232.26,30.3,0.7,22.9,0.259
5.8,4.1,1300.72,23.8,4.7,34.9,0.204
12.9,21.3,6191.29,53.3,10.8,42.6,0.0
7.2,3.7,1467.91,24.7,4.8,32.8,0.042
2.4,2.6,743.67,21.3,4.0,37.6,0.225
9.6,7.1,1834.09,24.9,6.1,33.7,0.201
7.5,5.4,1155.29,32.8,5.8,36.1,0.121
1.9,13.9,2307.22,2.0,5.4,7.6,0.232
1.0,1.8,299.57,31.3,0.8,17.6,0.031
6.3,4.6,1022.13,26.3,5.0,39.4,0.11
15.5,24.7,7737.66,54.6,10.5,47.2,0.06
1.4,2.4,400.11,35.9,0.7,25.4,0.249
6.9,5.2,1460.59,23.2,4.6,31.1,0.293
2.5,3.4,366.04,46.8,1.6,25.1,0.053
6.6,4.3,1101.07,21.7,5.5,30.4,0.027
12.4,20.8,5982.09,51.3,10.5,37.6,0.173
12.3,20.0,5180.4,55.4,11.3,42.5,0.0
3.6,16.1,3112.45,12.6,8.9,14.7,0.38
6.2,5.0,1253.14,21.1,5.6,29.2,0.091
6.5,4.8,1144.69,19.7,5.6,35.2,0.182
4.3,17.1,3498.52,13.0,9.8,18.0,0.5
8.4,14.5,5149.12,36.5,7.7,28.6,0.113
8.0,6.2,954.52,33.6,7.4,37.1,0.0
1.1,2.7,502.95,38.6,0.0,30.0,0.208
3.2,13.8,2835.18,13.9,9.1,15.7,0.5
4.1,4.3,682.37,30.0,4.9,35.6,0.266
3.4,2.1,894.0,18.7,3.9,29.5,0.099
0.8,3.0,347.54,49.6,1.9,30.1,0.356
1.8,3.5,536.57,48.1,1.9,29.5,0.277
9.6,17.2,6189.12,47.3,9.5,43.1,0.0
13.0,20.6,6111.77,62.0,12.0,51.1,0.0
12.3,23.3,6405.71,47.5,9.8,36.7,0.153
2.4,2.8,467.82,56.1,2.9,27.4,0.196
1.2,3.7,485.32,41.1,1.5,27.9,0.206
3.1,12.1,2350.83,9.9,9.6,18.8,0.5
6.8,4.8,1026.2,30.6,7.0,36.6,0.0
4.2,18.4,3753.46,8.3,8.7,12.9,0.0
3.0,15.6,4235.35,7.6,6.5,8.7,0.224
7.1,4.6,1202.81,26.0,4.6,31.9,0.22
6.6,4.7,1079.46,32.8,3.8,29.7,0.345
13.7,22.8,5686.5,46.7,8.9,40.0,0.186
7.0,5.6,1172.06,27.5,5.0,29.3,0.15
0.4,1.7,190.25,32.4,0.0,28.9,0.226
11.3,16.0,5986.57,35.8,7.1,26.7,0.5
11.6,18.5,5306.09,51.0,10.1,44.7,0.0
1.4,12.0,2346.71,17.8,9.3,18.1,0.136
0.2,1.5,372.91,26.9,0.0,22.0,0.19
7.5,4.2,1358.15,32.1,5.6,34.5,0.034
0.7,2.4,338.52,42.3,0.5,24.9,0.117
1.8,1.2,388.35,57.1,3.0,37.7,0.339
4.9,4.1,685.52,33.7,6.3,41.6,0.052
3.1,15.3,2528.4,5.7,7.9,10.6,0.443
5.2,3.3,1156.47,17.7,4.5,33.1,0.038
1.7,2.1,322.32,36.2,2.5,25.7,0.247
0.8,2.6,255.51,41.7,1.0,31.9,0.22
2.2,3.6,299.39,41.3,1.0,29.7,0.21
5.0,20.3,3440.29,10.8,8.5,5.5,0.422
6.1,4.3,1157.48,20.4,4.2,28.5,0.253
15.8,23.1,5814.62,56.9,12.1,41.6,0.094
10.8,18.0,6311.91,37.1,7.0,33.6,0.251
1.3,2.1,365.61,31.4,0.6,14.3,0.023
0.7,3.1,367.12,37.9,0.6,32.7,0.24
0.6,1.7,219.58,40.6,0.5,33.7,0.24
13.9,22.7,6609.51,58.9,11.4,46.3,0.075
16.6,26.1,7791.2,55.8,10.8,44.8,0.06
4.3,3.0,1110.19,13.5,3.0,22.4,0.332
10.8,16.4,4827.39,39.6,8.3,29.4,0.172
6.6,5.5,1187.12,21.4,5.9,26.6,0.127
1.1,3.8,371.27,25.0,0.0,24.8,0.105
2.1,3.8,468.5,46.3,1.9,27.6,0.21
0.6,1.3,144.14,30.7,0.6,23.0,0.089
3.5,15.9,3652.29,5.0,7.8,7.1,0.219
12.1,20.4,5287.49,47.5,8.5,45.2,0.226
2.3,3.3,377.0,44.1,2.6,21.4,0.119
1.3,2.8,376.27,46.2,0.8,33.0,0.214
1.2,3.4,255.36,39.6,0.0,34.7,0.279
2.1,12.3,3292.55,4.9,6.3,8.4,0.0
1.3,3.1,318.82,36.9,0.5,19.5,0.147
7.1,3.6,1448.92,23.3,5.5,32.8,0.056
4.2,17.7,2512.32,10.6,7.6,6.8,0.5
4.8,3.4,817.63,23.2,3.6,21.4,0.083
11.5,18.3,5698.3,46.8,8.1,42.3,0.318
1.0,3.4,366.13,37.7,0.3,19.5,0.177
2.5,16.4,3563.82,2.0,4.8,3.4,0.0
2.6,14.1,2884.25,4.1,6.0,6.8,0.122
7.8,5.9,1322.88,26.7,6.1,38.4,0.11
5.1,4.0,1050.04,20.4,5.3,32.0,0.088
6.4,4.8,1138.96,26.8,5.0,25.4,0.136
0.2,1.0,151.8,30.2,0.6,20.3,0.205
2.4,4.2,386.49,49.4,2.3,30.1,0.22
1.3,2.9,419.31,30.8,0.0,16.7,0.006
0.9,1.3,312.21,28.1,0.3,19.1,0.002
5.4,5.4,790.6,24.5,6.2,35.3,0.092
8.6,5.3,1368.93,31.1,5.8,41.1,0.054
1.3,3.8,385.27,38.9,1.1,23.8,0.262
1.4,3.1,377.08,37.2,0.3,28.6,0.165
7.2,5.0,1275.74,21.8,3.5,27.2,0.267
6.4,4.5,1185.71,28.0,4.9,40.8,0.084
8.7,4.6,1646.11,24.1,4.6,33.4,0.152
3.4,17.8,3456.4,7.6,8.1,13.1,0.03
2.5,14.0,2723.93,12.9,8.5,15.3,0.24
2.2,2.5,383.93,40.1,1.8,26.2,0.151
1.7,3.1,457.79,51.6,1.8,35.2,0.317
7.3,4.1,941.55,30.9,5.3,32.5,0.061
10.3,17.9,5084.85,49.5,11.0,34.7,0.0
5.8,5.5,1156.26,26.0,4.9,34.8,0.286
0.8,1.8,404.92,47.3,1.3,29.2,0.253
1.0,2.1,472.77,31.3,0.1,23.8,0.232
4.5,2.1,979.41,19.4,4.8,22.8,0.05
15.0,22.7,6485.59,49.8,10.1,41.6,0.116
7.8,4.9,1090.76,32.9,6.6,43.7,0.0
4.1,19.1,3287.64,13.9,9.2,16.2,0.379
7.9,6.0,1352.24,29.2,5.1,37.1,0.248
8.7,14.5,5226.18,40.8,8.2,31.9,0.204
9.3,18.0,6355.55,50.8,10.4,44.2,0.0
4.5,3.4,961.41,23.1,4.6,23.6,0.117
7.7,5.6,1273.81,28.8,6.0,42.8,0.015
7.7,4.6,1239.12,30.9,5.9,36.6,0.0
5.9,3.0,1273.14,16.6,3.7,18.6,0.094
7.8,16.5,6517.54,34.3,7.5,27.4,0.14
0.5,2.0,286.34,39.6,1.0,34.8,0.247
2.4,13.9,2307.56,5.6,7.0,11.2,0.057
7.1,4.1,1291.97,23.0,4.6,37.6,0.054
3.6,3.0,826.29,21.2,3.6,32.6,0.219
7.3,4.9,1304.68,31.2,5.1,34.7,0.273
0.8,1.9,211.94,27.4,0.9,17.3,0.141
4.4,19.0,3702.92,12.5,9.2,12.9,0.41
13.6,22.4,6379.87,50.7,9.0,44.9,0.201
2.7,4.5,512.42,48.1,1.8,31.1,0.162
4.4,19.4,3663.43,12.5,9.2,15.0,0.343
15.2,22.7,7190.17,55.8,11.7,44.9,0.0
0.9,3.3,296.48,31.1,0.0,21.1,0.181
2.3,14.4,2285.23,10.3,8.0,12.7,0.124
4.2,3.5,1028.94,21.5,3.3,20.0,0.252
1.4,1.9,381.0,37.0,1.5,25.4,0.32
1.6,3.3,381.22,35.2,1.3,24.3,0.219
6.4,4.0,1326.33,24.5,5.2,22.7,0.125
3.6,17.9,2999.83,11.5,9.7,14.2,0.211
10.6,19.5,5547.57,44.2,9.3,34.0,0.193
0.7,1.1,148.82,49.9,2.1,30.6,0.215
1.4,1.7,387.25,47.7,2.2,33.7,0.187
9.3,15.1,5707.75,31.9,6.5,28.9,0.274
15.1,21.5,6024.35,51.6,11.1,40.2,0.0
3.2,5.4,504.98,55.0,1.8,35.6,0.163
1.5,2.4,447.09,41.9,1.7,30.1,0.334
7.4,3.5,1303.52,32.6,5.8,28.0,0.0
11.3,19.1,5803.39,39.4,8.0,28.2,0.383
0.2,1.7,355.33,27.8,0.0,19.0,0.218
8.7,6.8,1183.05,31.6,6.5,35.7,0.078
6.8,5.7,1223.88,31.9,6.3,36.3,0.023
2.3,3.2,373.69,55.8,2.5,34.7,0.268
1.3,4.1,405.59,40.6,0.2,19.9,0.115
1.9,4.4,270.92,35.3,0.6,31.9,0.176
6.6,5.5,916.2,37.4,7.4,42.1,0.0
4.0,3.9,885.51,28.9,5.3,29.9,0.026
5.3,3.8,1259.87,20.4,4.4,29.0,0.071
14.1,19.5,6586.1,49.6,9.5,42.8,0.082
9.1,6.4,1327.62,25.0,5.5,39.2,0.211
10.6,21.3,5933.04,49.0,10.9,31.1,0.213
13.7,21.6,5700.45,59.1,12.7,42.4,0.0
8.5,4.9,1618.06,26.5,5.4,34.8,0.102
13.0,22.4,6211.54,51.9,9.1,45.9,0.191
5.5,4.1,979.74,28.7,3.6,22.3,0.164
4.3,17.2,3395.99,15.0,9.8,17.3,0.5
6.5,4.9,1181.04,23.4,6.1,46.5,0.068
3.2,16.4,2583.79,10.2,7.8,12.6,0.186
12.7,21.3,6340.96,56.6,12.2,41.7,0.0
8.1,6.1,1579.94,22.5,5.3,36.9,0.267
6.1,3.9,1204.47,23.9,4.0,30.3,0.187
6.9,3.6,1225.78,26.1,5.4,38.5,0.056
2.6,12.4,2972.31,7.5,6.4,11.3,0.5
0.5,2.8,395.18,37.1,0.0,28.2,0.336
2.1,3.7,384.39,49.4,2.1,28.8,0.238
12.9,20.7,6057.26,47.0,9.6,38.1,0.162
2.0,2.9,421.95,35.7,1.3,21.6,0.101
1.2,1.5,376.84,41.1,0.7,23.1,0.079
8.6,5.1,1342.28,25.5,5.8,35.4,0.0
2.6,13.2,2646.17,6.4,7.4,10.4,0.352
7.8,5.7,1116.29,34.8,5.5,39.3,0.054
9.7,16.1,5050.86,41.6,9.3,33.8,0.0
8.8,6.5,1244.64,34.4,6.9,33.9,0.074
6.2,3.5,1199.88,15.6,4.8,32.9,0.015
1.7,2.9,403.13,49.1,1.5,34.1,0.292
8.1,5.7,1070.7,39.9,7.2,40.2,0.0
6.1,2.8,1452.84,18.4,3.7,34.5,0.161
2.7,2.5,400.06,49.5,2.7,33.4,0.244
7.8,4.2,1424.72,18.3,5.3,35.9,0.078
3.5,17.5,3260.97,8.7,9.2,18.3,0.029
12.2,17.8,5524.45,40.7,8.0,37.1,0.0
10.6,20.6,5298.81,42.1,8.9,33.8,0.132
1.0,2.3,320.8,40.1,0.6,23.5,0.024
1.0,2.2,404.57,45.4,1.9,25.7,0.226
2.5,16.4,3206.08,10.7,7.7,15.9,0.0
4.8,4.9,935.81,20.7,4.6,32.6,0.211
7.5,4.5,1365.22,24.4,3.9,18.0,0.122
1.5,10.2,1889.85,6.7,6.6,8.7,0.262
10.5,18.4,5031.89,37.5,7.2,32.5,0.44
1.4,2.0,401.08,40.9,1.7,26.1,0.1
7.7,4.8,1558.89,16.3,5.0,31.1,0.222
2.0,11.1,2264.31,9.3,5.7,5.4,0.373
0.2,1.9,116.98,24.3,0.0,18.4,0.15
6.9,2.8,1318.01,23.0,3.8,28.5,0.042
11.2,18.9,5646.89,50.5,9.9,37.3,0.202
12.1,19.7,5596.24,53.1,10.9,40.3,0.12
5.3,4.5,1189.52,27.1,4.9,39.5,0.133
2.7,16.4,2836.54,9.6,7.3,12.7,0.185
3.7,17.7,3495.0,13.3,8.6,16.3,0.0
2.3,12.2,2371.57,6.3,7.3,7.1,0.31
3.0,17.0,3392.29,6.2,7.8,6.1,0.0
6.4,2.8,1021.02,30.9,5.0,38.4,0.029
4.1,19.0,3291.12,12.5,9.2,13.3,0.368
1.9,3.7,381.13,42.4,1.1,30.9,0.278
4.3,2.6,882.05,26.1,4.7,24.8,0.026
9.7,16.6,5780.89,36.6,6.6,40.2,0.285
3.0,4.5,408.44,54.6,2.5,32.9,0.282
1.5,3.3,314.94,35.0,0.4,22.6,0.057
9.9,17.4,5961.96,30.4,5.9,24.0,0.422
0.4,1.2,357.28,40.1,1.1,30.9,0.345
2.1,2.7,416.24,61.1,2.6,38.3,0.441
2.6,10.6,2627.43,2.0,5.5,9.1,0.5
6.9,4.8,1208.99,22.0,5.9,32.4,0.0
0.2,1.0,215.57,20.6,0.0,15.1,0.108
5.5,4.4,1269.05,25.7,4.6,28.0,0.135
2.3,4.0,518.12,45.2,1.7,25.4,0.187
1.1,2.0,339.98,44.1,1.2,27.3,0.287
0.3,1.8,252.32,36.4,0.7,25.4,0.235
0.4,1.6,236.94,40.2,1.4,21.2,0.091
8.7,5.7,1142.97,33.6,6.6,41.7,0.0
4.0,18.8,3853.66,19.8,9.5,10.2,0.228
14.7,25.3,6872.53,56.3,11.4,44.3,0.007
7.0,5.0,1196.92,20.6,3.9,19.1,0.285
2.5,3.6,492.66,54.7,2.9,36.1,0.366
14.8,22.1,6022.5,64.6,13.3,48.1,0.0
12.3,21.7,6677.3,46.4,9.1,38.4,0.291
1.5,10.4,2385.74,5.5,5.3,3.0,0.32
12.2,19.2,6250.26,47.8,8.9,38.6,0.221
4.4,18.4,3268.56,18.5,10.9,16.3,0.257
1.3,2.1,323.87,49.7,2.1,30.4,0.275
10.6,21.2,6505.45,53.4,10.3,45.6,0.05
10.7,15.2,5510.07,59.2,12.5,43.2,0.0
5.3,2.8,1069.15,20.8,4.8,26.2,0.004
0.4,2.2,195.86,47.2,1.1,26.6,0.231
0.2,1.6,331.09,22.4,0.0,23.1,0.167
6.6,5.0,1024.64,35.1,6.1,36.8,0.077
0.2,1.5,342.83,42.8,0.5,24.3,0.222
2.1,13.0,2953.06,5.0,6.7,13.9,0.057
6.2,4.2,1283.93,16.4,5.1,32.2,0.118
2.5,10.7,3050.04,7.2,6.8,3.9,0.225
4.9,4.2,1091.19,23.0,3.8,25.9,0.212
2.5,15.6,2678.64,7.2,5.4,8.6,0.108
1.4,2.1,382.43,40.7,0.7,23.1,0.148
1.3,2.4,354.0,35.1,0.0,19.4,0.0
2.8,4.0,475.93,41.0,2.2,17.7,0.157
2.0,3.8,400.42,46.9,1.7,27.3,0.152
0.2,1.8,241.56,41.4,0.6,32.1,0.21
1.2,3.5,384.32,33.3,0.0,19.8,0.132
3.6,17.0,3870.35,13.6,8.8,13.7,0.374
7.2,5.4,1237.63,24.7,5.2,33.1,0.24
0.2,3.8,376.95,38.5,0.0,32.6,0.424
8.3,17.9,5300.83,41.6,8.4,29.2,0.295
6.7,3.6,1247.58,25.1,3.7,28.5,0.246
0.9,3.8,422.17,41.8,0.8,24.3,0.187
6.5,3.6,1159.55,21.8,5.5,34.1,0.072
1.0,1.7,453.9,40.1,1.6,31.2,0.31
6.1,4.3,1008.82,26.0,4.7,34.2,0.148
6.8,4.4,1200.71,29.2,5.4,42.4,0.171
13.3,20.8,6229.21,56.5,10.6,51.0,0.0
2.4,13.7,3225.7,11.6,7.2,10.7,0.442
3.4,16.6,3805.02,8.1,7.7,12.3,0.2
5.0,4.0,961.11,20.5,3.5,25.9,0.197
2.0,3.4,444.37,33.7,0.1,19.6,0.108
0.2,1.8,262.01,34.7,0.6,21.6,0.167
2.1,2.3,410.77,56.2,2.6,38.2,0.392
15.6,24.8,7081.57,62.9,12.5,48.9,0.0
0.2,2.2,337.76,36.8,0.8,23.3,0.231
1.3,2.3,329.48,56.5,2.4,39.6,0.375
5.3,3.4,929.81,20.3,4.2,26.4,0.123
4.6,17.9,2913.38,16.4,10.3,19.9,0.5
2.2,3.8,400.31,43.7,1.6,26.1,0.272
13.7,21.6,5685.06,37.3,7.9,30.0,0.342
13.6,16.6,5258.31,43.3,9.2,37.0,0.204
8.2,17.8,5465.48,47.9,9.6,42.4,0.0
3.3,17.2,2980.53,11.6,8.1,14.2,0.105
11.1,24.2,5986.55,49.4,10.5,35.0,0.354
2.7,14.0,2760.25,9.3,7.4,8.2,0.427
0.4,2.7,449.9,47.5,0.2,35.8,0.448
4.7,21.5,3802.39,9.9,7.8,11.4,0.0
14.5,22.8,6530.76,52.7,10.3,42.8,0.24
2.3,3.2,437.44,53.5,2.2,35.6,0.328
3.6,17.0,3280.17,10.8,8.6,12.8,0.0
0.8,3.6,392.84,39.1,0.0,30.8,0.213
8.4,5.8,1430.81,31.4,6.6,43.3,0.106
12.1,17.0,4927.94,54.1,10.8,42.1,0.014
0.3,1.2,260.69,44.5,2.4,28.7,0.262
7.1,5.2,1218.36,28.0,5.3,39.0,0.225
2.9,14.7,2843.37,14.4,9.2,16.1,0.359
4.5,3.1,1171.36,17.9,2.9,30.0,0.219
1.5,2.7,330.86,52.2,2.5,30.4,0.309
1.6,10.4,2778.08,6.7,5.2,6.3,0.405
7.1,5.1,1364.93,28.4,3.6,28.4,0.309
13.2,19.3,5828.3,45.3,9.7,35.9,0.0
3.8,19.3,3551.87,10.6,8.2,10.0,0.166
11.1,18.8,6387.35,46.4,8.9,40.1,0.151
0.5,1.8,312.89,39.1,0.9,26.7,0.138
1.3,2.1,449.42,27.5,0.4,26.2,0.077
1.2,2.1,377.73,37.3,0.4,24.3,0.196
13.4,21.1,6395.65,47.9,9.5,37.0,0.229
5.2,4.4,979.87,21.7,3.1,24.3,0.401
6.8,5.5,1438.92,22.1,5.3,33.0,0.178
2.3,13.3,2935.28,5.9,7.6,17.0,0.021
3.3,17.1,2672.82,4.1,6.8,7.0,0.236
6.6,3.9,1304.94,27.7,4.7,26.8,0.216
3.4,17.8,3264.99,9.8,9.2,15.1,0.015
4.1,3.9,1000.59,19.6,3.2,25.1,0.298
4.8,3.2,1031.87,19.6,4.8,33.2,0.064
2.8,14.5,2753.24,6.5,6.3,6.7,0.071
0.2,1.0,142.77,16.9,0.2,13.9,0.044
12.2,21.0,6015.44,34.9,7.8,22.9,0.37
4.9,21.0,3305.57,10.3,9.6,17.2,0.481
3.2,16.4,3714.68,6.8,6.4,6.3,0.226
10.3,18.2,4841.0,42.4,7.9,32.7,0.451
7.5,5.3,1330.57,26.6,5.2,36.2,0.154
3.1,15.8,3072.24,12.3,8.4,10.0,0.233
7.3,4.9,1302.48,24.0,7.1,32.5,0.0
0.2,2.1,264.65,20.3,0.0,27.1,0.191
5.1,4.2,626.25,32.6,5.1,37.2,0.136
0.2,1.5,342.38,24.5,0.0,24.9,0.199
12.6,20.7,6110.64,57.5,11.7,43.5,0.0
2.4,3.6,341.59,46.0,2.0,24.5,0.278
1.5,3.1,305.05,52.6,2.4,37.6,0.353
6.0,3.8,1367.27,20.0,3.3,24.9,0.226
10.7,18.9,5415.21,47.2,9.4,40.8,0.014
9.6,6.7,1347.66,37.9,7.2,36.9,0.0
2.1,3.1,390.91,55.1,2.1,31.7,0.357
6.8,5.5,1361.19,23.5,5.3,38.3,0.231
11.7,18.6,4845.14,40.4,7.9,37.0,0.221
1.0,1.5,314.77,58.0,2.4,38.0,0.436
8.6,5.5,1261.01,37.9,6.8,37.4,0.0
9.7,22.8,6413.46,58.7,12.8,40.2,0.0
12.7,19.1,6548.41,56.8,11.3,44.4,0.0
2.3,13.5,2319.11,11.5,8.1,14.2,0.285
9.3,16.1,5883.79,30.3,6.2,20.3,0.5
11.4,17.8,5101.58,51.6,10.2,44.9,0.0
1.6,1.8,316.38,55.3,2.2,34.3,0.318
10.5,21.2,6407.02,43.2,8.9,34.3,0.169
1.3,3.4,499.04,43.9,1.0,23.9,0.304
4.7,2.4,1309.15,11.2,3.0,18.3,0.251
11.3,18.1,5532.75,42.4,8.4,38.1,0.114
0.2,1.6,304.29,30.7,0.0,22.9,0.107
2.4,14.5,2915.03,7.9,7.4,14.8,0.147
2.8,14.7,3818.17,3.4,5.4,7.9,0.0
3.2,13.1,3600.43,2.0,7.5,10.5,0.284
3.6,16.8,3040.81,11.0,9.3,13.4,0.347
0.4,1.0,282.42,42.6,1.5,32.1,0.357
0.5,3.9,413.22,22.9,0.0,9.2,0.085
0.8,1.6,297.48,34.8,0.0,29.0,0.095
9.7,16.5,5521.38,43.6,8.5,37.1,0.117
2.9,17.8,2659.0,6.2,5.9,6.3,0.0
6.6,5.6,1152.05,19.6,3.9,31.4,0.199
0.2,1.2,318.8,32.0,0.0,18.6,0.162
11.8,18.5,6093.35,51.6,9.2,46.5,0.387
6.5,4.6,1315.62,22.0,5.2,27.4,0.163
12.4,19.5,5514.62,53.9,11.1,41.3,0.162
11.9,19.9,5645.98,41.8,8.0,31.2,0.398
6.2,4.8,1354.41,20.0,4.8,23.0,0.246
3.9,19.7,2947.43,11.3,10.0,21.0,0.244
5.9,4.3,892.76,25.0,5.4,31.0,0.237
0.4,2.7,194.31,36.4,0.5,22.8,0.203
3.6,4.4,531.01,56.7,4.1,26.3,0.182
3.7,19.0,3741.24,6.9,6.6,5.3,0.247
2.2,3.8,343.87,49.8,1.7,34.2,0.381
1.7,3.4,457.34,41.1,1.1,27.4,0.186
0.2,1.9,316.23,43.1,0.0,30.9,0.251
0.3,1.8,215.47,30.6,0.4,22.0,0.044
2.5,13.7,2327.66,7.8,7.1,7.7,0.123
5.6,3.6,956.14,32.3,5.1,41.9,0.039
1.1,2.4,322.5,46.6,1.5,26.5,0.344
2.3,4.9,376.7,54.8,2.7,30.1,0.303
2.4,13.4,2909.76,8.1,7.4,9.0,0.25
0.2,1.3,343.64,40.2,1.0,31.9,0.385
1.6,11.2,3242.83,3.6,4.3,5.7,0.187
2.1,3.0,401.05,45.1,1.9,26.4,0.167
1.2,3.7,462.92,38.9,0.8,35.1,0.306
1.6,1.3,313.04,45.1,1.9,25.8,0.176
6.8,6.1,1174.26,30.0,4.6,30.1,0.303
1.8,9.2,2981.73,2.6,5.3,5.2,0.5
1.0,2.4,231.06,42.5,1.3,33.7,0.157
4.1,19.8,3360.07,9.6,8.5,10.3,0.166
2.7,10.9,2683.71,9.8,8.3,21.4,0.5
12.6,20.5,6156.23,51.7,9.6,44.3,0.031
7.5,4.4,1156.65,25.1,5.9,34.0,0.092
0.2,1.6,288.58,21.9,0.0,16.0,0.026
1.3,3.3,436.16,40.5,0.4,16.2,0.081
5.9,4.2,1138.17,26.7,4.5,36.1,0.081
0.7,3.0,287.77,24.1,0.0,22.1,0.081
1.5,2.1,268.05,46.7,2.0,30.1,0.221
6.9,5.5,1372.8,23.2,5.8,35.2,0.121
6.4,4.2,1082.95,25.0,4.9,26.9,0.183
7.6,4.9,1380.08,31.3,5.7,38.1,0.201
0.7,1.1,325.04,42.1,1.2,30.1,0.212
1.2,1.0,256.71,37.8,1.8,16.7,0.086
2.6,4.7,435.67,45.9,1.7,28.0,0.231
0.3,1.6,329.22,44.3,1.9,23.5,0.262
4.3,19.2,2769.36,14.1,9.0,11.5,0.5
1.6,2.4,234.24,37.7,0.9,29.2,0.094
0.9,2.3,399.5,49.9,1.9,31.1,0.43
0.6,1.0,353.9,34.5,1.5,25.2,0.19
0.2,1.6,222.92,31.2,0.0,25.1,0.135
0.2,2.7,353.51,21.8,0.0,28.4,0.209
0.2,2.0,338.16,31.9,0.0,19.7,0.042
3.3,14.5,2799.23,8.7,7.6,15.3,0.5
3.6,15.8,2921.45,7.7,8.9,12.5,0.319
1.3,3.7,308.07,36.3,0.9,19.8,0.118
2.5,14.1,2517.37,2.0,6.3,11.8,0.096
5.5,3.9,1062.02,22.4,4.8,24.0,0.157
7.7,5.3,1382.54,28.3,6.2,34.0,0.0
1.5,1.8,380.44,59.0,3.4,37.6,0.36
1.9,10.1,2963.84,13.1,8.4,20.0,0.5
9.1,6.5,1359.92,31.6,6.0,43.9,0.083
6.7,4.0,1250.58,23.6,4.9,24.6,0.09
7.0,3.5,1337.78,27.3,4.3,29.7,0.135
0.3,3.9,289.58,26.2,0.0,19.0,0.163
2.9,3.9,392.2,55.9,2.3,34.3,0.246
3.6,17.6,3084.16,5.2,7.6,13.4,0.183
0.2,1.0,212.77,25.0,0.0,30.8,0.177
7.5,4.9,1228.43,26.8,5.7,27.8,0.051
0.2,2.4,310.52,16.5,0.0,20.4,0.071
5.7,3.8,1230.06,23.3,4.6,36.3,0.129
1.6,3.1,406.29,47.5,1.0,28.4,0.257
1.7,1.8,307.45,65.7,4.4,41.2,0.402
7.3,5.4,1479.6,21.9,4.8,25.7,0.177
1.7,14.5,2605.63,2.9,5.9,9.2,0.007
0.3,1.4,258.01,28.4,0.2,26.0,0.119
4.6,3.1,1027.69,19.1,4.4,34.2,0.0
2.9,16.5,2677.96,7.9,7.6,11.0,0.0
10.5,19.8,5932.68,55.8,12.7,36.8,0.012
2.1,3.1,672.2,43.2,1.8,27.5,0.264
4.8,3.5,953.95,19.0,4.4,39.9,0.107
1.2,1.8,400.07,38.7,0.2,18.2,0.043
9.2,5.0,1569.29,31.2,6.0,33.2,0.026
3.9,3.0,956.38,14.5,3.4,19.8,0.12
0.2,1.0,249.78,34.8,0.9,20.9,0.141
2.9,12.6,3050.35,17.0,9.5,14.3,0.484
0.5,2.1,169.0,26.9,0.0,30.2,0.235
7.4,4.2,1189.46,29.0,5.9,35.3,0.0
1.9,2.8,424.17,43.8,1.7,33.7,0.32
0.2,1.4,262.62,38.0,0.2,25.3,0.265
13.4,20.6,5885.48,60.9,12.5,47.3,0.0
13.2,22.7,7599.83,56.0,11.4,42.2,0.0
6.0,3.6,1205.88,18.8,4.7,30.0,0.092
5.6,3.3,1050.93,23.7,4.4,31.4,0.178
10.3,15.3,5696.8,43.0,8.7,34.1,0.161
6.1,4.0,1187.6,28.2,4.4,37.7,0.205
3.1,16.5,2994.17,7.5,8.3,12.6,0.0
0.2,1.7,212.43,19.9,0.0,15.1,0.068
0.9,1.2,304.95,43.1,2.1,21.7,0.236
4.0,16.8,3325.39,12.1,9.1,16.2,0.5
4.3,3.9,1028.72,15.2,5.3,23.8,0.183
1.5,9.2,2539.49,9.0,7.1,7.7,0.0
7.4,5.0,1355.83,23.4,4.1,32.4,0.193
5.1,21.2,4177.94,14.3,10.2,19.6,0.403
4.7,1.5,1086.39,21.8,3.5,25.0,0.131
0.2,2.1,359.92,32.6,0.0,24.9,0.202
6.5,5.5,1179.84,28.0,4.3,29.5,0.276
8.5,6.8,1141.62,27.8,7.2,43.2,0.064
13.9,22.2,6151.98,53.4,11.3,41.8,0.084
7.4,5.1,1362.19,21.8,5.0,32.1,0.207
2.3,10.0,2411.83,16.7,9.1,16.2,0.5
2.7,3.6,331.39,67.9,3.1,45.4,0.329
11.8,17.9,5065.88,59.0,11.6,45.5,0.008
4.8,5.1,1113.07,20.4,4.1,30.9,0.304
1.7,3.2,136.93,59.2,2.7,40.0,0.378
1.9,2.0,480.71,45.6,2.6,29.8,0.282
7.3,5.9,1474.04,21.0,4.7,27.4,0.187
6.8,4.5,1421.65,26.5,4.6,24.2,0.208
13.1,24.1,6662.13,47.7,9.5,35.4,0.456
11.0,19.8,5845.8,52.0,9.6,46.6,0.0
1.9,2.5,372.82,54.1,3.5,27.3,0.241
9.9,21.3,5928.22,48.0,9.5,31.5,0.369
0.4,2.0,281.19,40.9,1.2,31.2,0.181
14.5,23.2,6184.52,63.2,14.0,49.1,0.0
1.7,3.1,387.06,42.9,1.7,25.2,0.253
2.6,13.9,2840.57,17.9,9.4,18.4,0.163
15.1,22.6,6234.3,60.3,12.3,50.4,0.0
13.6,21.9,6167.25,67.7,13.8,51.4,0.0
13.4,24.1,6073.5,49.5,9.9,36.5,0.371
0.5,2.4,361.99,42.9,1.5,29.4,0.253
11.1,20.1,5783.52,38.2,8.1,28.2,0.297
9.7,6.0,1503.69,37.5,7.5,46.6,0.0
1.5,1.9,435.36,31.7,0.8,15.9,0.135
1.4,4.0,503.01,42.7,0.1,31.6,0.199
1.0,1.8,301.28,46.9,1.3,30.0,0.209
2.7,4.1,420.68,50.4,2.6,28.2,0.23
7.8,4.9,1310.19,27.6,5.6,29.3,0.096
2.2,3.7,438.14,43.1,1.3,23.7,0.2
0.2,2.5,388.0,43.2,0.0,30.8,0.208
6.2,4.6,1299.39,23.0,5.7,35.5,0.083
1.8,10.7,1965.03,10.8,6.0,4.1,0.259
14.9,22.3,6324.97,57.8,11.4,48.3,0.015
2.3,12.0,3391.1,10.8,7.8,16.3,0.325
10.8,17.3,5996.77,50.6,9.5,43.8,0.087
0.2,2.4,402.25,26.1,0.0,19.2,0.145
0.2,2.3,226.23,39.0,0.4,28.7,0.186
5.9,4.0,1060.88,28.7,5.7,38.2,0.08
10.9,19.9,5348.19,56.1,11.6,41.3,0.0
13.0,22.8,5699.77,49.5,9.8,39.5,0.342
6.6,5.1,1114.38,29.6,5.1,42.5,0.312
12.5,23.5,6453.32,65.3,12.9,53.0,0.0
9.3,6.8,1270.68,32.7,5.5,36.9,0.174
1.3,1.4,341.12,42.7,0.7,30.8,0.136
5.9,5.1,1187.27,21.8,4.3,37.4,0.332
9.0,17.2,5741.53,57.6,10.9,47.8,0.0
3.8,17.8,4136.59,12.9,9.4,10.7,0.263
8.1,5.7,1092.31,28.9,5.5,22.3,0.065
2.2,11.1,1849.15,13.9,9.1,12.9,0.5
14.6,25.5,6368.51,68.2,13.1,58.1,0.0
3.7,18.2,2772.55,9.6,7.7,11.4,0.386
1.7,1.5,218.37,47.2,2.9,27.6,0.17
1.2,1.6,285.43,49.8,2.1,34.3,0.304
4.2,17.6,2536.99,18.0,11.3,13.7,0.5
1.4,2.9,435.82,48.6,1.2,25.4,0.191
6.5,5.9,933.83,31.3,4.9,35.9,0.185
2.9,14.8,2925.97,13.0,8.3,14.6,0.28
7.9,4.8,1617.19,23.9,3.4,27.3,0.371
1.9,14.1,3305.39,12.8,6.5,10.5,0.0
11.7,20.4,6374.71,51.9,10.4,39.4,0.098
5.8,4.9,1092.49,26.6,4.9,35.1,0.204
11.3,20.1,5050.46,49.6,9.6,42.8,0.0
12.8,22.2,6477.04,51.1,10.9,40.6,0.0
0.4,1.6,350.14,31.7,0.0,25.0,0.211
5.3,3.8,1184.39,24.2,4.4,29.3,0.179
11.8,18.8,6526.89,42.9,9.4,35.4,0.044
8.4,4.9,1454.38,28.5,4.1,29.3,0.076
0.2,1.5,196.15,26.8,0.1,16.6,0.093
2.3,12.2,2823.49,9.5,8.3,11.7,0.263
2.1,11.5,3217.43,8.8,7.5,10.0,0.16
1.0,3.2,467.63,32.7,0.2,22.5,0.211
7.3,5.8,1322.27,24.9,5.5,33.4,0.054
0.6,1.9,258.34,41.0,0.6,28.7,0.195
2.5,4.2,615.49,32.2,0.1,24.5,0.141
0.2,1.8,314.31,27.4,0.0,23.6,0.144
2.9,3.4,485.82,55.3,2.4,28.5,0.215
2.4,13.3,2436.88,12.1,8.2,11.4,0.206
1.5,2.9,288.05,50.3,1.9,32.6,0.218
1.2,2.5,312.75,40.6,1.2,21.1,0.153
13.3,23.5,5821.27,53.1,11.1,39.0,0.0
10.4,18.9,6418.57,43.1,8.9,36.1,0.211
4.6,3.0,1068.86,20.8,5.0,26.3,0.111
4.8,3.4,1071.9,23.9,4.3,31.3,0.312
0.9,1.7,412.37,39.1,1.4,21.2,0.167
0.7,1.3,261.52,27.6,0.0,16.8,0.031
4.0,17.2,3410.42,10.5,8.2,8.7,0.371
1.7,2.1,477.99,34.8,1.7,18.3,0.14
9.9,19.9,5953.61,58.9,11.0,50.6,0.077
1.3,3.8,407.55,33.4,0.0,25.2,0.216
6.7,5.6,1188.65,25.0,4.7,30.9,0.285
7.6,5.0,1255.95,31.9,4.4,38.3,0.227
1.2,2.1,323.34,26.8,0.0,25.8,0.138
7.0,4.0,1178.57,28.4,5.0,32.4,0.034
12.2,19.5,5872.78,46.7,9.6,39.0,0.199
12.6,17.6,5387.36,54.4,11.0,44.4,0.0
10.5,18.0,5701.26,38.8,7.7,28.8,0.33
5.8,4.0,1151.24,26.1,5.4,40.1,0.058
14.8,21.0,5011.18,56.1,11.7,42.1,0.2
2.1,3.6,518.33,47.1,2.4,24.0,0.197
16.0,29.0,6878.8,63.2,12.2,52.0,0.016
8.3,3.1,1680.78,23.7,4.7,24.2,0.058
9.0,16.3,5856.18,37.5,7.5,34.2,0.276
6.0,4.1,1100.78,20.1,4.6,17.5,0.132
3.4,14.3,3174.24,6.8,7.2,7.4,0.39
1.3,3.5,322.53,41.6,0.7,28.4,0.221
0.3,3.0,314.39,26.6,0.0,22.0,0.051
0.2,1.0,212.68,19.7,0.0,13.3,0.076
6.5,5.2,1164.73,28.9,5.8,39.4,0.048
0.7,1.8,486.85,33.9,0.7,22.5,0.159
2.7,4.0,507.71,40.4,0.7,25.1,0.045
2.1,14.8,2637.21,6.9,5.9,3.3,0.0
5.7,3.7,1187.99,27.5,4.6,27.1,0.118
3.3,16.1,2425.48,8.4,7.1,10.7,0.174
7.7,3.7,1479.07,28.2,5.6,37.4,0.0
5.4,2.3,1364.82,20.9,4.4,26.3,0.148
9.0,15.0,5692.32,47.7,8.7,42.0,0.049
3.3,18.6,3117.93,6.2,6.5,6.9,0.0
8.1,5.0,1319.44,31.2,6.4,40.7,0.047
6.7,3.3,1224.77,29.4,5.8,38.0,0.0
1.0,2.1,418.28,47.0,2.1,32.0,0.329
1.8,12.4,2869.42,6.8,5.6,9.2,0.264
6.3,3.9,1259.54,21.1,4.9,24.1,0.153
1.9,3.0,423.2,49.8,0.8,41.3,0.369
3.7,2.0,975.71,15.9,3.7,18.0,0.051
2.1,4.2,645.03,33.0,0.3,19.7,0.059
7.1,5.6,1399.67,26.5,4.3,27.9,0.259
4.3,2.5,1008.48,19.0,3.3,20.3,0.051
14.8,24.4,6155.6,59.4,12.7,41.7,0.0
12.8,22.1,6835.14,47.4,9.3,37.0,0.233
0.4,2.2,319.39,29.6,0.6,15.2,0.02
4.1,2.8,895.37,26.8,4.0,23.1,0.101
2.8,5.3,412.93,57.4,3.0,37.5,0.422
13.7,23.0,6294.28,55.6,12.4,35.0,0.0
5.7,2.8,1171.33,24.3,5.1,36.9,0.057
0.8,2.0,380.81,30.1,0.3,24.5,0.203
7.8,16.7,5094.75,38.2,7.3,34.8,0.144
4.4,2.7,1058.67,13.4,3.0,22.3,0.259
3.2,3.8,493.98,42.0,1.7,26.8,0.125
2.1,4.4,535.47,39.6,0.3,26.4,0.225
12.0,22.8,5888.15,52.6,9.3,45.3,0.218
4.4,4.5,863.12,20.4,5.5,26.1,0.279
1.9,4.2,494.63,38.4,0.6,28.8,0.295
2.2,4.5,404.76,55.9,1.2,39.2,0.313
13.6,22.5,6194.66,47.5,9.3,39.6,0.162
1.2,2.0,262.88,42.8,2.0,34.3,0.351
5.3,4.1,1182.52,21.9,4.5,32.3,0.171
0.9,2.5,334.92,50.8,1.6,36.0,0.393
2.6,4.6,492.42,44.1,1.2,30.2,0.259
11.5,17.1,5053.83,42.8,9.7,35.2,0.0
1.3,2.9,335.77,36.5,0.6,21.0,0.268
10.7,19.9,6202.85,36.1,7.6,28.2,0.26
2.3,4.1,448.04,48.4,2.6,30.2,0.276
7.7,5.9,1380.95,22.9,5.5,24.4,0.151
10.2,15.6,4447.12,52.6,10.2,43.1,0.0
1.8,2.7,382.6,39.1,1.5,27.5,0.121
2.4,2.5,454.81,49.7,1.7,34.2,0.149
2.4,15.4,2751.88,5.8,6.3,3.8,0.0
1.0,2.4,285.59,46.7,1.7,33.2,0.175
0.8,2.6,316.62,34.1,0.1,24.5,0.143
1.8,3.1,498.48,32.9,0.3,22.7,0.135
6.8,4.5,1150.11,31.0,4.8,24.1,0.058
0.9,3.9,360.8,55.2,0.8,39.7,0.405
1.6,1.8,221.42,38.1,1.1,25.8,0.167
